Building,Utility,Unit,Meter no.,Date,00:30,01:00,01:30,02:00,02:30,03:00,03:30,04:00,04:30,05:00,05:30,06:00,06:30,07:00,07:30,08:00,08:30,09:00,09:30,10:00,10:30,11:00,11:30,12:00,12:30,13:00,13:30,14:00,14:30,15:00,15:30,16:00,16:30,17:00,17:30,18:00,18:30,19:00,19:30,20:00,20:30,21:00,21:30,22:00,22:30,23:00,23:30,24:00:00
Building 4,Gas,KWh,Meter 1,09/03/2013,0,0,132,44,22,33,44,77,55,44,55,44,66,33,66,33,66,66,176,77,88,88,77,66,66,88,77,77,77,143,33,33,44,22,22,33,33,33,33,22,0,0,0,0,0,0,0,0
Building 4,Gas,KWh,Meter 1,10/03/2013,0,0,132,44,22,44,33,33,33,33,33,22,44,33,22,110,66,55,44,55,55,44,55,55,187,176,121,132,99,154,33,66,22,33,33,44,22,33,44,22,0,0,0,0,0,0,0,0
Building 4,Gas,KWh,Meter 1,11/03/2013,0,0,132,44,33,99,77,55,55,33,55,55,132,66,99,77,176,220,154,154,165,132,121,154,154,143,132,121,154,143,99,110,132,143,88,44,33,33,33,22,11,0,0,0,0,0,0,0
Building 4,Gas,KWh,Meter 1,12/03/2013,0,0,0,0,33,396,253,165,154,165,165,154,165,154,154,165,154,143,154,176,176,187,165,165,132,132,165,143,110,110,121,99,77,66,99,44,22,0,0,0,0,0,0,0,0,0,0,0
Building 4,Gas,KWh,Meter 1,13/03/2013,0,0,0,0,143,88,77,77,55,44,88,55,55,88,88,66,110,209,143,121,110,121,77,88,88,110,88,66,99,154,0,0,121,22,0,0,0,0,0,0,0,0,0,0,0,0,0,0
Building 4,Gas,KWh,Meter 1,14/03/2013,0,0,143,66,33,88,55,77,55,77,55,55,110,88,88,77,176,187,143,110,143,110,88,88,77,77,77,55,88,99,66,88,77,55,143,33,33,22,33,44,0,0,0,0,0,0,0,0
Building 4,Gas,KWh,Meter 1,15/03/2013,0,0,132,44,33,77,77,66,33,66,55,44,55,88,77,77,88,231,110,143,110,143,99,121,121,121,110,132,99,209,44,44,66,22,22,55,22,22,44,44,0,0,0,0,0,0,0,0
Building 4,Gas,KWh,Meter 1,16/03/2013,0,0,121,66,33,22,33,99,66,33,66,55,66,55,55,44,99,77,198,143,88,88,121,88,99,99,99,88,88,154,55,66,44,55,22,33,44,22,44,22,0,0,0,0,0,0,0,0
Building 4,Gas,KWh,Meter 1,17/03/2013,0,0,132,66,22,33,44,22,44,44,22,33,44,22,33,121,66,44,66,55,55,77,77,275,143,121,110,143,121,154,55,44,99,22,22,33,44,22,33,55,0,0,0,0,0,0,0,0
Building 4,Gas,KWh,Meter 1,18/03/2013,0,0,132,55,33,88,66,77,22,77,66,99,77,77,88,88,176,176,110,110,88,121,88,77,88,66,77,66,88,66,77,66,55,77,121,44,33,33,22,44,0,0,0,0,0,0,0,0
Building 4,Gas,KWh,Meter 1,19/03/2013,0,0,0,0,0,154,110,55,44,66,55,44,77,88,66,77,121,209,121,110,121,99,88,77,99,88,77,77,88,110,55,55,77,33,143,22,33,0,0,0,0,0,0,0,0,0,0,0
Building 4,Gas,KWh,Meter 1,20/03/2013,0,0,0,0,143,99,77,66,44,66,44,66,44,77,110,77,77,77,198,88,121,88,110,99,88,121,88,88,110,154,0,0,0,0,0,0,0,0,0,0,0,0,0,0,0,0,0,0
Building 4,Gas,KWh,Meter 1,21/03/2013,0,0,176,66,66,88,88,66,77,77,77,66,66,110,66,66,88,77,220,143,154,132,132,143,110,143,154,110,143,99,143,88,110,77,121,44,55,55,33,55,11,0,0,0,0,0,0,0
Building 4,Gas,KWh,Meter 1,22/03/2013,0,0,121,55,22,99,77,55,44,66,66,44,55,110,66,99,143,176,110,132,88,132,99,132,132,132,99,110,143,132,0,110,55,0,0,0,0,0,0,0,0,0,0,0,0,0,0,0
Building 4,Gas,KWh,Meter 1,23/03/2013,0,0,0,0,0,0,0,154,154,66,66,99,66,88,77,121,176,176,132,143,143,143,132,154,154,143,132,121,143,176,88,77,66,66,22,22,44,33,44,22,0,0,0,0,0,0,0,0
Building 4,Gas,KWh,Meter 1,24/03/2013,0,0,132,66,33,33,22,33,44,44,33,33,22,33,66,88,66,55,66,66,110,110,242,198,176,154,154,176,165,176,77,121,77,55,66,66,55,77,66,55,11,0,0,0,0,0,0,0
Building 4,Gas,KWh,Meter 1,25/03/2013,0,0,154,77,55,110,121,77,77,99,154,99,99,88,77,99,286,198,165,165,176,165,143,143,154,176,165,154,132,143,143,143,99,110,154,77,33,77,66,66,0,0,0,0,0,0,0,0
Building 4,Gas,KWh,Meter 1,26/03/2013,0,0,0,0,0,143,143,77,99,99,77,154,99,99,77,99,264,187,132,143,165,176,154,154,143,143,154,176,143,165,110,143,121,132,121,44,66,0,0,0,0,0,0,0,0,0,0,0
Building 4,Gas,KWh,Meter 1,27/03/2013,0,0,0,0,165,110,99,77,77,77,77,132,88,99,88,77,231,165,143,154,132,143,132,143,110,121,132,143,110,143,77,77,44,0,0,0,0,0,0,0,0,0,0,0,0,0,0,0
Building 4,Gas,KWh,Meter 1,28/03/2013,0,0,176,77,121,77,88,88,77,77,132,110,121,99,198,209,121,143,121,143,110,110,88,121,110,110,121,154,99,121,99,88,143,33,66,33,66,33,22,33,0,0,0,0,0,0,0,0
Building 4,Gas,KWh,Meter 1,29/03/2013,0,0,143,99,77,55,55,66,55,66,121,88,77,99,242,187,77,0,0,0,0,0,0,0,0,0,0,0,0,0,0,0,0,0,0,0,0,0,0,0,0,0,0,0,0,0,0,0
Building 4,Gas,KWh,Meter 1,30/03/2013,0,0,0,0,0,0,0,0,0,0,0,0,0,0,0,0,0,0,0,0,0,0,0,0,0,0,0,0,0,0,0,0,0,0,0,0,0,0,0,0,0,0,0,0,0,0,0,0
Building 4,Gas,KWh,Meter 1,31/03/2013,0,0,0,0,0,0,0,0,0,0,0,0,0,0,0,0,0,0,0,0,0,0,0,0,0,0,0,0,0,0,0,0,0,0,0,0,0,0,0,0,0,0,0,0,0,0,0,0
Building 4,Gas,KWh,Meter 1,01/04/2013,0,0,0,0,0,0,0,0,0,0,0,0,0,0,0,0,0,0,0,0,0,0,0,0,0,0,0,0,0,0,0,0,0,0,0,0,0,0,0,0,0,0,0,0,0,0,0,0
Building 4,Gas,KWh,Meter 1,02/04/2013,0,0,0,0,0,0,0,0,0,0,0,0,0,0,0,0,0,0,55,363,330,231,220,176,198,165,176,154,176,176,143,165,154,187,99,154,99,143,110,0,0,0,0,0,0,0,0,0
Building 4,Gas,KWh,Meter 1,03/04/2013,0,0,0,0,0,242,165,132,121,121,132,143,198,264,198,165,198,176,165,187,165,165,165,176,176,66,44,22,319,176,165,176,187,55,0,0,0,0,0,0,0,0,0,0,0,0,0,0
Building 4,Gas,KWh,Meter 1,04/04/2013,0,0,0,0,187,121,88,77,154,99,132,88,121,110,242,132,44,11,297,187,165,165,198,176,187,187,176,198,165,187,165,143,165,110,132,121,55,55,33,33,22,44,11,0,0,0,0,0
Building 4,Gas,KWh,Meter 1,05/04/2013,0,0,0,0,121,99,77,77,77,99,88,110,77,88,165,253,165,176,143,165,176,154,154,132,165,154,121,154,88,121,33,77,55,44,22,22,33,33,44,33,33,33,0,0,0,0,0,0
Building 4,Gas,KWh,Meter 1,06/04/2013,0,0,0,0,121,44,33,77,77,66,66,55,77,99,77,264,165,165,165,154,154,154,143,132,99,77,88,88,88,132,33,33,66,33,33,33,22,44,33,22,33,33,0,0,0,0,0,0
Building 4,Gas,KWh,Meter 1,07/04/2013,0,0,0,0,121,55,22,33,33,44,33,33,33,55,33,110,55,66,44,77,44,110,286,143,143,176,110,154,88,99,66,66,33,22,33,33,33,33,33,44,22,33,0,0,0,0,0,0
Building 4,Gas,KWh,Meter 1,08/04/2013,0,0,0,0,121,99,66,66,66,66,121,88,88,77,77,154,220,176,165,165,154,143,110,154,99,99,132,99,99,99,132,55,77,143,110,33,33,33,22,33,44,22,11,0,0,0,0,0
Building 4,Gas,KWh,Meter 1,09/04/2013,0,0,0,0,0,143,99,55,66,55,66,44,77,110,88,77,253,165,165,176,121,176,121,154,121,110,143,110,110,143,110,99,88,88,121,33,55,44,44,0,0,0,0,0,0,0,0,0
Building 4,Gas,KWh,Meter 1,10/04/2013,0,0,0,0,0,154,110,66,77,77,77,77,88,121,66,77,66,55,176,132,88,77,77,55,55,66,55,77,66,143,0,0,0,0,0,0,0,0,0,0,0,0,0,0,0,0,0,0
Building 4,Gas,KWh,Meter 1,11/04/2013,0,0,0,0,154,110,66,44,44,77,33,55,44,66,44,77,66,77,176,110,99,88,77,88,77,88,44,44,77,88,33,55,44,55,121,22,33,33,33,33,0,0,0,0,0,0,0,0
Building 4,Gas,KWh,Meter 1,12/04/2013,0,0,121,66,22,88,66,33,55,44,55,44,44,55,33,88,66,55,154,77,88,77,66,110,99,77,88,99,55,143,0,0,0,0,0,0,0,0,0,0,0,0,0,0,0,0,0,0
Building 4,Gas,KWh,Meter 1,13/04/2013,0,0,0,0,0,0,0,154,110,66,44,66,44,55,55,44,66,77,165,88,99,77,88,77,77,88,77,77,88,143,77,44,55,0,0,0,0,0,0,0,0,0,0,0,0,0,0,0
Building 4,Gas,KWh,Meter 1,14/04/2013,0,0,0,0,0,0,0,0,0,0,0,0,0,0,0,231,55,77,33,66,33,55,55,33,132,0,0,0,0,0,0,0,0,0,0,0,0,0,0,0,0,0,0,0,0,0,0,0
Building 4,Gas,KWh,Meter 1,15/04/2013,0,0,0,0,0,143,110,44,44,44,33,55,44,44,88,44,44,44,110,44,77,66,44,55,11,0,0,0,0,0,0,0,0,0,0,0,0,0,0,0,0,0,0,0,0,0,0,0
Building 4,Gas,KWh,Meter 1,16/04/2013,0,0,0,0,0,0,0,0,0,220,77,22,55,44,55,55,55,44,88,66,77,44,77,44,55,66,22,0,0,0,0,0,0,0,0,0,0,0,0,0,0,0,0,0,0,0,0,0
Building 4,Gas,KWh,Meter 1,17/04/2013,0,0,0,0,0,0,0,0,0,0,0,0,0,121,154,44,33,55,99,44,66,77,44,66,66,55,44,33,0,0,0,0,0,0,0,0,0,0,0,0,0,0,0,0,0,0,0,0
Building 4,Gas,KWh,Meter 1,18/04/2013,0,0,0,0,0,0,0,0,0,0,209,66,55,33,66,55,77,33,132,44,77,44,55,77,66,66,33,77,66,88,33,55,55,33,11,0,0,0,0,0,0,0,0,0,0,0,0,0
Building 4,Gas,KWh,Meter 1,19/04/2013,0,0,0,0,0,0,0,99,154,33,66,33,55,55,33,77,77,22,132,55,66,66,44,66,66,55,44,77,77,0,0,0,0,0,0,0,0,0,0,0,0,0,0,0,0,0,0,0
Building 4,Gas,KWh,Meter 1,20/04/2013,0,0,0,0,0,0,0,0,0,0,0,0,0,0,11,242,44,77,121,55,66,33,77,77,33,66,0,0,0,0,0,0,0,0,0,0,0,0,0,0,0,0,0,0,0,0,0,0
Building 4,Gas,KWh,Meter 1,21/04/2013,0,0,0,0,0,0,0,0,0,0,0,0,0,0,0,0,0,0,0,0,0,0,0,231,110,55,77,77,55,22,0,0,0,0,0,0,0,0,0,0,0,0,0,0,0,0,0,0
Building 4,Gas,KWh,Meter 1,22/04/2013,0,0,0,0,0,0,0,0,0,0,0,209,77,55,44,77,66,44,121,33,77,77,44,66,77,55,55,66,55,44,99,55,33,55,33,0,0,0,0,0,0,0,0,0,0,0,0,0
Building 4,Gas,KWh,Meter 1,23/04/2013,0,0,0,0,0,0,0,0,0,0,0,0,22,209,66,55,66,55,99,44,77,77,33,66,22,0,0,0,0,0,0,0,0,0,0,0,0,0,0,0,0,0,0,0,0,0,0,0
Building 4,Gas,KWh,Meter 1,24/04/2013,0,0,0,0,0,0,0,0,0,0,0,0,0,0,165,143,22,55,55,77,77,44,66,66,44,66,55,55,66,132,0,0,0,0,0,0,0,0,0,0,0,0,0,0,0,0,0,0
Building 4,Gas,KWh,Meter 1,25/04/2013,0,0,0,0,0,0,0,0,0,0,0,0,0,0,121,154,22,44,55,77,55,55,66,44,66,44,66,44,55,77,0,0,0,0,0,0,0,0,0,0,0,0,0,0,0,0,0,0
Building 4,Gas,KWh,Meter 1,26/04/2013,0,0,0,0,0,0,0,0,0,0,0,0,0,0,209,77,66,55,77,55,77,44,66,77,33,66,44,66,44,0,0,0,0,0,0,0,0,0,0,0,0,0,0,0,0,0,0,0
Building 4,Gas,KWh,Meter 1,27/04/2013,0,0,0,0,0,0,0,0,0,0,0,0,0,0,0,44,209,55,99,77,88,44,77,77,44,77,55,55,66,132,0,0,0,0,0,0,0,0,0,0,0,0,0,0,0,0,0,0
Building 4,Gas,KWh,Meter 1,28/04/2013,0,0,0,0,0,0,0,0,0,0,0,0,0,0,0,0,0,0,0,0,0,77,187,44,77,99,55,77,77,187,0,0,0,0,0,0,0,0,0,0,0,0,0,0,0,0,0,0
Building 4,Gas,KWh,Meter 1,29/04/2013,0,0,0,0,0,0,0,0,0,0,55,198,44,77,55,77,77,44,66,0,0,0,0,0,0,0,0,0,0,0,0,0,0,0,0,0,0,0,0,0,0,0,0,0,0,0,0,0
Building 4,Gas,KWh,Meter 1,30/04/2013,0,0,0,0,0,0,0,0,0,0,0,0,242,77,0,22,99,22,0,0,0,0,0,0,0,0,0,0,0,0,0,0,0,0,0,0,0,0,0,0,0,0,0,0,0,0,0,0
Building 4,Gas,KWh,Meter 1,01/05/2013,0,0,0,0,0,0,0,0,0,0,0,0,165,110,33,0,0,0,0,0,0,0,0,0,0,0,0,0,0,0,0,0,0,0,0,0,0,0,0,0,0,0,0,0,0,0,0,0
Building 4,Gas,KWh,Meter 1,02/05/2013,0,0,0,0,0,0,0,0,0,0,0,0,0,0,0,0,0,0,0,0,0,0,0,0,0,0,0,0,0,0,0,0,0,0,0,0,0,0,0,0,0,0,0,0,0,0,0,0
Building 4,Gas,KWh,Meter 1,03/05/2013,0,0,0,0,0,0,0,0,0,0,0,0,0,0,0,0,0,0,0,0,0,0,0,0,0,0,0,0,0,0,0,0,0,0,0,0,0,0,0,0,0,0,0,0,0,0,0,0
Building 4,Gas,KWh,Meter 1,04/05/2013,0,0,0,0,0,0,0,0,0,0,0,0,0,0,0,0,0,0,0,0,0,0,0,0,0,0,0,0,0,0,0,0,0,0,0,0,0,0,0,0,0,0,0,0,0,0,0,0
Building 4,Gas,KWh,Meter 1,05/05/2013,0,0,0,0,0,0,0,0,0,0,0,0,0,0,0,0,0,0,0,0,0,0,0,0,0,0,0,0,0,0,0,0,0,0,0,0,0,0,0,0,0,0,0,0,0,0,0,0
Building 4,Gas,KWh,Meter 1,06/05/2013,0,0,0,0,0,0,0,0,0,0,0,0,0,0,0,0,0,0,0,0,0,0,0,0,0,0,0,0,0,0,0,0,0,0,0,0,0,0,0,0,0,0,0,0,0,0,0,0
Building 4,Gas,KWh,Meter 1,07/05/2013,0,0,0,0,0,0,0,0,0,0,0,0,0,0,0,0,0,0,0,0,0,0,0,0,0,0,0,0,0,0,0,0,0,0,0,0,0,0,0,0,0,0,0,0,0,0,0,0
Building 4,Gas,KWh,Meter 1,08/05/2013,0,0,0,0,0,0,0,0,0,0,0,0,0,0,0,0,0,0,0,0,0,0,0,0,0,0,0,0,0,0,0,0,0,0,0,0,0,0,0,0,0,0,0,0,0,0,0,0
Building 4,Gas,KWh,Meter 1,09/05/2013,0,0,0,0,0,0,0,0,0,0,0,0,0,0,0,0,0,0,0,0,0,0,0,0,0,0,0,0,0,0,0,220,66,0,0,0,0,0,0,0,0,0,0,0,0,0,0,0
Building 4,Gas,KWh,Meter 1,10/05/2013,0,0,0,0,0,0,0,0,0,0,0,0,0,0,0,0,0,0,0,0,0,0,0,0,0,0,0,0,0,0,0,0,0,0,0,0,0,0,0,0,0,0,0,0,0,0,0,0
Building 4,Gas,KWh,Meter 1,11/05/2013,0,0,0,0,0,0,0,0,0,0,0,0,0,0,0,0,0,0,0,0,0,0,0,0,0,0,0,0,0,0,0,0,0,0,0,0,0,0,0,0,0,0,0,0,0,0,0,0
Building 4,Gas,KWh,Meter 1,12/05/2013,0,0,0,0,0,0,0,0,0,0,0,0,0,0,0,0,0,0,0,0,0,0,0,0,0,0,0,0,0,0,0,0,0,0,0,0,0,0,0,0,0,0,0,0,0,0,0,0
Building 4,Gas,KWh,Meter 1,13/05/2013,0,0,0,0,0,0,0,0,0,0,0,0,0,0,0,0,0,0,0,0,0,0,0,0,0,0,0,0,0,0,0,0,0,0,0,0,0,0,0,0,0,0,0,0,0,0,0,0
Building 4,Gas,KWh,Meter 1,14/05/2013,0,0,0,0,0,0,0,0,0,0,0,0,0,0,0,0,0,0,0,0,0,0,0,0,0,0,0,0,0,0,0,0,0,0,0,0,0,0,0,0,0,0,0,0,0,0,0,0
Building 4,Gas,KWh,Meter 1,15/05/2013,0,0,0,0,0,0,0,0,0,0,0,0,0,0,264,264,121,165,110,143,110,99,99,99,88,99,44,88,88,66,66,88,88,77,66,88,88,77,66,88,88,88,55,99,88,99,88,99
Building 4,Gas,KWh,Meter 1,16/05/2013,88,88,77,88,88,99,99,88,99,99,99,99,99,99,99,99,88,88,55,88,88,55,66,88,33,88,66,66,88,44,88,55,77,77,44,88,44,88,55,77,66,55,88,44,88,44,88,66
Building 4,Gas,KWh,Meter 1,17/05/2013,66,88,44,88,77,44,99,88,44,88,88,55,77,88,77,66,77,55,77,77,33,88,33,88,44,88,33,88,44,77,44,66,88,44,77,44,66,55,66,77,55,66,44,77,44,77,66,55
Building 4,Gas,KWh,Meter 1,18/05/2013,66,44,88,44,77,44,77,66,55,77,44,88,44,88,33,88,44,77,33,88,44,66,55,66,66,44,77,33,77,44,77,44,66,55,55,55,44,77,33,77,33,66,44,66,66,55,55,55
Building 4,Gas,KWh,Meter 1,19/05/2013,44,66,55,55,77,33,77,44,77,44,66,44,66,66,44,77,55,55,44,66,44,66,44,66,44,66,44,55,66,33,77,33,66,55,44,77,44,55,33,77,33,66,44,55,77,33,77,33
Building 4,Gas,KWh,Meter 1,20/05/2013,66,55,44,77,33,77,33,66,66,33,77,44,55,55,77,33,66,44,55,55,55,55,44,66,33,44,55,77,22,66,44,55,44,66,33,77,33,66,33,66,44,55,44,66,44,66,33,66
Building 4,Gas,KWh,Meter 1,21/05/2013,44,77,33,55,44,66,44,66,55,44,66,44,66,44,66,44,66,33,66,44,77,33,55,44,66,44,55,66,44,77,33,66,33,77,22,77,33,66,22,77,33,55,44,66,33,77,33,66
Building 4,Gas,KWh,Meter 1,22/05/2013,33,66,44,55,44,66,44,66,33,77,33,66,44,66,33,66,33,0,0,0,0,0,0,0,0,0,0,0,0,0,0,0,0,0,0,0,0,0,0,0,0,0,0,0,0,0,0,0
Building 4,Gas,KWh,Meter 1,23/05/2013,0,0,0,0,0,0,0,0,0,0,0,0,0,0,0,0,231,55,0,0,0,0,0,0,0,0,0,0,0,0,154,88,44,77,0,0,0,0,0,0,0,0,0,0,0,0,0,0
Building 4,Gas,KWh,Meter 1,24/05/2013,0,0,0,0,0,0,0,0,0,0,0,0,0,0,11,198,77,33,0,0,0,0,0,0,0,0,0,0,0,0,0,0,0,0,0,0,0,0,0,0,0,0,0,0,0,0,0,0
Building 4,Gas,KWh,Meter 1,25/05/2013,0,0,0,0,0,0,0,0,0,0,0,0,0,66,198,44,44,66,0,0,0,0,0,0,0,0,0,0,0,0,0,0,0,0,0,0,0,0,0,0,0,0,0,0,0,0,0,0
Building 4,Gas,KWh,Meter 1,26/05/2013,0,0,0,0,0,0,0,0,0,0,0,0,0,0,0,231,44,33,0,0,0,0,0,0,0,0,0,0,0,0,0,0,0,0,0,0,0,0,0,0,0,0,0,0,0,0,0,0
Building 4,Gas,KWh,Meter 1,27/05/2013,0,0,0,0,0,0,0,0,0,0,0,0,0,0,0,0,231,44,0,0,0,0,0,0,0,0,0,0,0,0,0,0,0,0,0,0,0,0,0,0,0,0,0,0,0,0,0,0
Building 4,Gas,KWh,Meter 1,28/05/2013,0,0,0,0,0,0,0,0,0,0,0,0,0,0,0,0,0,0,0,0,0,0,0,0,0,0,0,0,242,154,44,33,88,44,0,0,0,0,0,0,0,0,0,0,0,0,0,0
Building 4,Gas,KWh,Meter 1,29/05/2013,0,0,0,0,0,0,0,0,0,0,0,0,0,11,209,66,55,66,0,0,0,0,0,0,0,0,0,0,187,0,0,0,0,0,0,0,0,0,0,0,0,0,0,0,0,0,0,0
Building 4,Gas,KWh,Meter 1,30/05/2013,0,0,0,0,0,0,0,0,0,0,0,0,0,0,231,44,0,0,0,0,0,0,0,0,0,0,0,0,0,0,0,0,0,0,0,0,0,0,0,0,0,0,0,0,0,0,0,0
Building 4,Gas,KWh,Meter 1,31/05/2013,0,0,0,0,0,0,0,0,0,0,0,0,0,0,0,0,0,0,0,0,0,0,0,0,0,0,0,0,0,0,0,0,0,0,0,0,0,0,0,0,0,0,0,0,0,0,0,0
Building 4,Gas,KWh,Meter 1,01/06/2013,0,0,0,0,0,0,0,0,0,0,0,0,0,0,0,0,0,0,0,0,0,0,0,0,0,0,0,0,0,0,0,0,0,0,0,0,0,0,0,0,0,0,0,0,0,0,0,0
Building 4,Gas,KWh,Meter 1,02/06/2013,0,0,0,0,0,0,0,0,0,0,0,0,0,0,0,0,0,0,0,0,0,0,0,0,0,0,0,0,0,0,0,0,0,0,0,0,0,0,0,0,0,0,0,0,0,0,0,0
Building 4,Gas,KWh,Meter 1,03/06/2013,0,0,0,0,0,0,0,0,0,0,0,0,0,0,0,0,0,0,0,0,0,0,0,0,0,0,0,0,0,0,0,0,0,0,0,0,0,0,0,0,0,0,0,0,0,0,0,0
Building 4,Gas,KWh,Meter 1,04/06/2013,0,0,0,0,0,0,0,0,0,0,0,0,0,0,0,0,0,0,0,0,0,0,0,0,0,0,0,0,0,0,0,0,0,0,0,0,0,0,0,0,0,0,0,0,0,0,0,0
Building 4,Gas,KWh,Meter 1,05/06/2013,0,0,0,0,0,0,0,0,0,0,0,0,0,0,0,0,0,0,0,0,0,0,0,0,0,0,0,0,0,0,0,0,0,0,0,0,0,0,0,0,0,0,0,0,0,0,0,0
Building 4,Gas,KWh,Meter 1,06/06/2013,0,0,0,0,0,0,0,0,0,0,0,0,0,0,0,0,0,0,0,0,0,0,0,0,0,0,0,0,0,0,0,0,0,0,0,0,0,0,0,0,0,0,0,0,0,0,0,0
Building 4,Gas,KWh,Meter 1,07/06/2013,0,0,0,0,0,0,0,0,0,0,0,0,0,0,0,0,0,0,0,0,0,0,0,0,0,0,0,0,0,0,0,0,0,0,0,0,0,0,0,0,0,0,0,0,0,0,0,0
Building 4,Gas,KWh,Meter 1,08/06/2013,0,0,0,0,0,0,0,0,0,0,0,0,0,0,0,0,0,0,0,0,0,0,0,0,0,0,0,0,0,0,0,0,0,0,0,0,0,0,0,0,0,0,0,0,0,0,0,0
Building 4,Gas,KWh,Meter 1,09/06/2013,0,0,0,0,0,0,0,0,0,0,0,0,0,0,0,0,0,0,0,0,0,0,0,0,0,0,0,0,0,0,0,0,0,0,0,0,0,0,0,0,0,0,0,0,0,0,0,0
Building 4,Gas,KWh,Meter 1,10/06/2013,0,0,0,0,0,0,0,0,0,0,0,0,0,0,0,0,0,0,0,0,0,0,0,0,0,0,0,0,0,0,0,0,0,0,0,0,0,0,0,0,0,0,0,0,0,0,0,0
Building 4,Gas,KWh,Meter 1,11/06/2013,0,0,0,0,0,0,0,0,0,0,0,0,0,0,0,0,0,0,0,0,0,0,0,0,0,0,0,0,0,0,0,0,0,0,0,0,0,0,0,0,0,0,0,0,0,0,0,0
Building 4,Gas,KWh,Meter 1,12/06/2013,0,0,0,0,0,0,0,0,0,0,0,0,0,0,0,0,0,0,0,0,0,0,0,0,0,0,0,0,0,0,0,0,0,0,0,0,0,0,0,0,0,0,0,0,0,0,0,0
Building 4,Gas,KWh,Meter 1,13/06/2013,0,0,0,0,0,0,0,0,0,0,0,0,0,0,0,0,0,0,0,0,0,0,0,0,0,0,0,0,0,0,0,0,0,0,0,0,0,0,0,0,0,0,0,0,0,0,0,0
Building 4,Gas,KWh,Meter 1,14/06/2013,0,0,0,0,0,0,0,0,0,0,0,0,0,0,0,0,0,0,0,0,0,0,0,0,0,0,0,0,0,0,0,0,0,0,0,0,0,0,0,0,0,0,0,0,0,0,0,0
Building 4,Gas,KWh,Meter 1,15/06/2013,0,0,0,0,0,0,0,0,0,0,0,0,0,0,0,0,0,0,0,0,0,0,0,0,0,0,0,0,0,0,0,0,0,0,0,0,0,0,0,0,0,0,0,0,0,0,0,0
Building 4,Gas,KWh,Meter 1,16/06/2013,0,0,0,0,0,0,0,0,0,0,0,0,0,0,0,0,0,0,0,0,0,0,0,0,0,0,0,0,0,0,0,0,0,0,0,0,0,0,0,0,0,0,0,0,0,0,0,0
Building 4,Gas,KWh,Meter 1,17/06/2013,0,0,0,0,0,0,0,0,0,0,0,0,0,0,0,0,0,0,0,0,0,0,0,0,0,0,0,0,0,0,0,0,0,0,0,0,0,0,0,0,0,0,0,0,0,0,0,0
Building 4,Gas,KWh,Meter 1,18/06/2013,0,0,0,0,0,0,0,0,0,0,0,0,0,0,0,0,0,0,0,0,0,0,0,0,0,0,0,0,0,0,0,0,0,0,0,0,0,0,0,0,0,0,0,0,0,0,0,0
Building 4,Gas,KWh,Meter 1,19/06/2013,0,0,0,0,0,0,0,0,0,0,0,0,0,0,0,0,0,0,0,0,0,0,0,0,0,0,0,0,0,0,0,0,0,0,0,0,0,0,0,0,0,0,0,0,0,0,0,0
Building 4,Gas,KWh,Meter 1,20/06/2013,0,0,0,0,0,0,0,0,0,0,0,0,0,0,0,0,0,0,0,0,0,0,0,0,0,0,0,0,0,0,0,0,0,0,0,0,0,0,0,0,0,0,0,0,0,0,0,0
Building 4,Gas,KWh,Meter 1,21/06/2013,0,0,0,0,0,0,0,0,0,0,0,0,0,0,0,0,0,0,0,0,0,0,0,0,0,0,0,0,0,0,0,0,0,0,0,0,0,0,0,0,0,0,0,0,0,0,0,0
Building 4,Gas,KWh,Meter 1,22/06/2013,0,0,0,0,0,0,0,0,0,0,0,0,0,0,0,0,0,0,0,0,0,0,0,0,0,0,0,0,0,0,0,0,0,0,0,0,0,0,0,0,0,0,0,0,0,0,0,0
Building 4,Gas,KWh,Meter 1,23/06/2013,0,0,0,0,0,0,0,0,0,0,0,0,0,0,0,0,0,0,0,0,0,0,0,0,0,0,0,0,0,0,0,0,0,0,0,0,0,0,0,0,0,0,0,0,0,0,0,0
Building 4,Gas,KWh,Meter 1,24/06/2013,0,0,0,0,0,0,0,0,0,0,0,0,0,0,0,0,0,0,0,0,0,0,0,0,0,0,0,0,0,0,0,0,0,0,0,0,0,0,0,0,0,0,0,0,0,0,0,0
Building 4,Gas,KWh,Meter 1,25/06/2013,0,0,0,0,0,0,0,0,0,0,0,0,0,0,0,0,0,0,0,0,0,0,0,0,0,0,0,0,0,0,0,0,0,0,0,0,0,0,0,0,0,0,0,0,0,0,0,0
Building 4,Gas,KWh,Meter 1,26/06/2013,0,0,0,0,0,0,0,0,0,0,0,0,0,0,0,0,0,0,0,0,0,0,0,0,0,0,0,0,0,0,0,0,0,0,0,0,0,0,0,0,0,0,0,0,0,0,0,0
Building 4,Gas,KWh,Meter 1,27/06/2013,0,0,0,0,0,0,0,0,0,0,0,0,0,0,0,0,0,0,0,0,0,0,0,0,0,0,0,0,0,0,0,0,0,0,0,0,0,0,0,0,0,0,0,0,0,0,0,0
Building 4,Gas,KWh,Meter 1,28/06/2013,0,0,0,0,0,0,0,0,0,0,0,0,0,0,0,0,0,0,0,0,0,0,0,0,0,0,0,0,0,0,0,0,0,0,0,0,0,0,0,0,0,0,0,0,0,0,0,0
Building 4,Gas,KWh,Meter 1,29/06/2013,0,0,0,0,0,0,0,0,0,0,0,0,0,0,0,0,0,0,0,0,0,0,0,0,0,0,0,0,0,0,0,0,0,0,0,0,0,0,0,0,0,0,0,0,0,0,0,0
Building 4,Gas,KWh,Meter 1,30/06/2013,0,0,0,0,0,0,0,0,0,0,0,0,0,0,0,0,0,0,0,0,0,0,0,0,0,0,0,0,0,0,0,0,0,0,0,0,0,0,0,0,0,0,0,0,0,0,0,0
Building 4,Gas,KWh,Meter 1,01/07/2013,0,0,0,0,0,0,0,0,0,0,0,0,0,0,0,0,0,0,0,0,0,0,0,0,0,0,0,0,0,0,0,0,0,0,0,0,0,0,0,0,0,0,0,0,0,0,0,0
Building 4,Gas,KWh,Meter 1,02/07/2013,0,0,0,0,0,0,0,0,0,0,0,0,0,0,0,0,0,0,0,0,0,0,0,0,0,0,0,0,0,0,0,0,0,0,0,0,0,0,0,0,0,0,0,0,0,0,0,0
Building 4,Gas,KWh,Meter 1,03/07/2013,0,0,0,0,0,0,0,0,0,0,0,0,0,0,0,0,0,0,0,0,0,0,0,0,0,0,0,0,0,0,0,0,0,0,0,0,0,0,0,0,0,0,0,0,0,0,0,0
Building 4,Gas,KWh,Meter 1,04/07/2013,0,0,0,0,0,0,0,0,0,0,0,0,0,0,0,0,0,0,0,0,0,0,0,0,0,0,0,0,0,0,0,0,0,0,0,0,0,0,0,0,0,0,0,0,0,0,0,0
Building 4,Gas,KWh,Meter 1,05/07/2013,0,0,0,0,0,0,0,0,0,0,0,0,0,0,0,0,0,0,0,0,0,0,0,0,0,0,0,0,0,0,0,0,0,0,0,0,0,0,0,0,0,0,0,0,0,0,0,0
Building 4,Gas,KWh,Meter 1,06/07/2013,0,0,0,0,0,0,0,0,0,0,0,0,0,0,0,0,0,0,0,0,0,0,0,0,0,0,0,0,0,0,0,0,0,0,0,0,0,0,0,0,0,0,0,0,0,0,0,0
Building 4,Gas,KWh,Meter 1,07/07/2013,0,0,0,0,0,0,0,0,0,0,0,0,0,0,0,0,0,0,0,0,0,0,0,0,0,0,0,0,0,0,0,0,0,0,0,0,0,0,0,0,0,0,0,0,0,0,0,0
Building 4,Gas,KWh,Meter 1,08/07/2013,0,0,0,0,0,0,0,0,0,0,0,0,0,0,0,0,0,0,0,0,0,0,0,0,0,0,0,0,0,0,0,0,0,0,0,0,0,0,0,0,0,0,0,0,0,0,0,0
Building 4,Gas,KWh,Meter 1,09/07/2013,0,0,0,0,0,0,0,0,0,0,0,0,0,0,0,0,0,0,0,0,0,0,0,0,0,0,0,0,0,0,0,0,0,0,0,0,0,0,0,0,0,0,0,0,0,0,0,0
Building 4,Gas,KWh,Meter 1,10/07/2013,0,0,0,0,0,0,0,0,0,0,0,0,0,0,0,0,0,0,0,0,0,0,0,0,0,0,0,0,0,0,0,0,0,0,0,0,0,0,0,0,0,0,0,0,0,0,0,0
Building 4,Gas,KWh,Meter 1,11/07/2013,0,0,0,0,0,0,0,0,0,0,0,0,0,0,0,0,0,0,0,0,0,0,0,0,0,0,0,0,0,0,0,0,0,0,0,0,0,0,0,0,0,0,0,0,0,0,0,0
Building 4,Gas,KWh,Meter 1,12/07/2013,0,0,0,0,0,0,0,0,0,0,0,0,0,0,0,0,0,0,0,0,0,0,0,0,0,0,0,0,0,0,0,0,0,0,0,0,0,0,0,0,0,0,0,0,0,0,0,0
Building 4,Gas,KWh,Meter 1,13/07/2013,0,0,0,0,0,0,0,0,0,0,0,0,0,0,0,0,0,0,0,0,0,0,0,0,0,0,0,0,0,0,0,0,0,0,0,0,0,0,0,0,0,0,0,0,0,0,0,0
Building 4,Gas,KWh,Meter 1,14/07/2013,0,0,0,0,0,0,0,0,0,0,0,0,0,0,0,0,0,0,0,0,0,0,0,0,0,0,0,0,0,0,0,0,0,0,0,0,0,0,0,0,0,0,0,0,0,0,0,0
Building 4,Gas,KWh,Meter 1,15/07/2013,0,0,0,0,0,0,0,0,0,0,0,0,0,0,0,0,0,0,0,0,0,0,0,0,0,0,0,0,0,0,0,0,0,0,0,0,0,0,0,0,0,0,0,0,0,0,0,0
Building 4,Gas,KWh,Meter 1,16/07/2013,0,0,0,0,0,0,0,0,0,0,0,0,0,0,0,0,0,0,0,0,0,0,0,0,0,0,0,0,0,0,0,0,0,0,0,0,0,0,0,0,0,0,0,0,0,0,0,0
Building 4,Gas,KWh,Meter 1,17/07/2013,0,0,0,0,0,0,0,0,0,0,0,0,0,0,0,0,0,0,0,0,0,0,0,0,0,0,0,0,0,0,0,0,0,0,0,0,0,0,0,0,0,0,0,0,0,0,0,0
Building 4,Gas,KWh,Meter 1,18/07/2013,0,0,0,0,0,0,0,0,0,0,0,0,0,0,0,0,0,0,0,0,0,0,0,0,0,0,0,0,0,0,0,0,0,0,0,0,0,0,0,0,0,0,0,0,0,0,0,0
Building 4,Gas,KWh,Meter 1,19/07/2013,0,0,0,0,0,0,0,0,0,0,0,0,0,0,0,0,0,0,0,0,0,0,0,0,0,0,0,0,0,0,0,0,0,0,0,0,0,0,0,0,0,0,0,0,0,0,0,0
Building 4,Gas,KWh,Meter 1,20/07/2013,0,0,0,0,0,0,0,0,0,0,0,0,0,0,0,0,0,0,0,0,0,0,0,0,0,0,0,0,0,0,0,0,0,0,0,0,0,0,0,0,0,0,0,0,0,0,0,0
Building 4,Gas,KWh,Meter 1,21/07/2013,0,0,0,0,0,0,0,0,0,0,0,0,0,0,0,0,0,0,0,0,0,0,0,0,0,0,0,0,0,0,0,0,0,0,0,0,0,0,0,0,0,0,0,0,0,0,0,0
Building 4,Gas,KWh,Meter 1,22/07/2013,0,0,0,0,0,0,0,0,0,0,0,0,0,0,0,0,0,0,0,0,0,0,0,0,0,0,0,0,0,0,0,0,0,0,0,0,0,0,0,0,0,0,0,0,0,0,0,0
Building 4,Gas,KWh,Meter 1,23/07/2013,0,0,0,0,0,0,0,0,0,0,0,0,0,0,0,0,0,0,0,0,0,0,0,0,0,0,0,0,0,0,0,0,0,0,0,0,0,0,0,0,0,0,0,0,0,0,0,0
Building 4,Gas,KWh,Meter 1,24/07/2013,0,0,0,0,0,0,0,0,0,0,0,0,0,0,0,0,0,0,0,0,0,0,0,0,0,0,0,0,0,0,0,0,0,0,0,0,0,0,0,0,0,0,0,0,0,0,0,0
Building 4,Gas,KWh,Meter 1,25/07/2013,0,0,0,0,0,0,0,0,0,0,0,0,0,0,0,0,0,0,0,0,0,0,0,0,0,0,0,0,0,0,0,0,0,0,0,0,0,0,0,0,0,0,0,0,0,0,0,0
Building 4,Gas,KWh,Meter 1,26/07/2013,0,0,0,0,0,0,0,0,0,0,0,0,0,0,0,0,0,0,0,0,0,0,0,0,0,0,0,0,0,0,0,0,0,0,0,0,0,0,0,0,0,0,0,0,0,0,0,0
Building 4,Gas,KWh,Meter 1,27/07/2013,0,0,0,0,0,0,0,0,0,0,0,0,0,0,0,0,0,0,0,0,0,0,0,0,0,0,0,0,0,0,0,0,0,0,0,0,0,0,0,0,0,0,0,0,0,0,0,0
Building 4,Gas,KWh,Meter 1,28/07/2013,0,0,0,0,0,0,0,0,0,0,0,0,0,0,0,0,0,0,0,0,0,0,0,0,0,0,0,0,0,0,0,0,0,0,0,0,0,0,0,0,0,0,0,0,0,0,0,0
Building 4,Gas,KWh,Meter 1,29/07/2013,0,0,0,0,0,0,0,0,0,0,0,0,0,0,0,0,0,0,0,0,0,0,0,0,0,0,0,0,0,0,0,0,0,0,0,0,0,0,0,0,0,0,0,0,0,0,0,0
Building 4,Gas,KWh,Meter 1,30/07/2013,0,0,0,0,0,0,0,0,0,0,0,0,0,0,0,0,0,0,0,0,0,0,0,0,0,0,0,0,0,0,0,0,0,0,0,0,0,0,0,0,0,0,0,0,0,0,0,0
Building 4,Gas,KWh,Meter 1,31/07/2013,0,0,0,0,0,0,0,0,0,0,0,0,0,0,0,0,0,0,0,0,0,0,0,0,0,0,0,0,0,0,0,0,0,0,0,0,0,0,0,0,0,0,0,0,0,0,0,0
Building 4,Gas,KWh,Meter 1,01/08/2013,0,0,0,0,0,0,0,0,0,0,0,0,0,0,0,0,0,0,0,0,0,0,0,0,0,0,0,0,0,0,0,0,0,0,0,0,0,0,0,0,0,0,0,0,0,0,0,0
Building 4,Gas,KWh,Meter 1,02/08/2013,0,0,0,0,0,0,0,0,0,0,0,0,0,0,0,0,0,0,0,0,0,0,0,0,0,0,0,0,0,0,0,0,0,0,0,0,0,0,0,0,0,0,0,0,0,0,0,0
Building 4,Gas,KWh,Meter 1,03/08/2013,0,0,0,0,0,0,0,0,0,0,0,0,0,0,0,0,0,0,0,0,0,0,0,0,0,0,0,0,0,0,0,0,0,0,0,0,0,0,0,0,0,0,0,0,0,0,0,0
Building 4,Gas,KWh,Meter 1,04/08/2013,0,0,0,0,0,0,0,0,0,0,0,0,0,0,0,0,0,0,0,0,0,0,0,0,0,0,0,0,0,0,0,0,0,0,0,0,0,0,0,0,0,0,0,0,0,0,0,0
Building 4,Gas,KWh,Meter 1,05/08/2013,0,0,0,0,0,0,0,0,0,0,0,0,0,0,0,0,0,0,0,0,0,0,0,0,0,0,0,0,0,0,0,0,0,0,0,0,0,0,0,0,0,0,0,0,0,0,0,0
Building 4,Gas,KWh,Meter 1,06/08/2013,0,0,0,0,0,0,0,0,0,0,0,0,0,0,0,0,0,0,0,0,0,0,0,0,0,0,0,0,0,0,0,0,0,0,0,0,0,0,0,0,0,0,0,0,0,0,0,0
Building 4,Gas,KWh,Meter 1,07/08/2013,0,0,0,0,0,0,0,0,0,0,0,0,0,0,0,0,0,0,0,0,0,0,0,0,0,0,0,0,0,0,0,0,0,0,0,0,0,0,0,0,0,0,0,0,0,0,0,0
Building 4,Gas,KWh,Meter 1,08/08/2013,0,0,0,0,0,0,0,0,0,0,0,0,0,0,0,0,0,0,0,0,0,0,0,0,0,0,0,0,0,0,0,0,0,0,0,0,0,0,0,0,0,0,0,0,0,0,0,0
Building 4,Gas,KWh,Meter 1,09/08/2013,0,0,0,0,0,0,0,0,0,0,0,0,0,0,0,0,0,0,0,0,0,0,0,0,0,0,0,0,0,0,0,0,0,0,0,0,0,0,0,0,0,0,0,0,0,0,0,0
Building 4,Gas,KWh,Meter 1,10/08/2013,0,0,0,0,0,0,0,0,0,0,0,0,0,0,0,0,0,0,0,0,0,0,0,0,0,0,0,0,0,0,0,0,0,0,0,0,0,0,0,0,0,0,0,0,0,0,0,0
Building 4,Gas,KWh,Meter 1,11/08/2013,0,0,0,0,0,0,0,0,0,0,0,0,0,0,0,0,0,0,0,0,0,0,0,0,0,0,0,0,0,0,0,0,0,0,0,0,0,0,0,0,0,0,0,0,0,0,0,0
Building 4,Gas,KWh,Meter 1,12/08/2013,0,0,0,0,0,0,0,0,0,0,0,0,0,0,0,0,0,0,0,0,0,0,0,0,0,0,0,0,0,0,0,0,0,0,0,0,0,0,0,0,0,0,0,0,0,0,0,0
Building 4,Gas,KWh,Meter 1,13/08/2013,0,0,0,0,0,0,0,0,0,0,0,0,0,0,0,0,0,0,0,0,0,0,0,0,0,0,0,0,0,0,0,0,0,0,0,0,0,0,0,0,0,0,0,0,0,0,0,0
Building 4,Gas,KWh,Meter 1,14/08/2013,0,0,0,0,0,0,0,0,0,0,0,0,0,0,0,0,0,0,0,0,0,0,0,0,0,0,0,0,0,0,0,0,0,0,0,0,0,0,0,0,0,0,0,0,0,0,0,0
Building 4,Gas,KWh,Meter 1,15/08/2013,0,0,0,0,0,0,0,0,0,0,0,0,0,0,0,0,0,0,0,0,0,0,0,0,0,0,0,0,0,0,0,0,0,0,0,0,0,0,0,0,0,0,0,0,0,0,0,0
Building 4,Gas,KWh,Meter 1,16/08/2013,0,0,0,0,0,0,0,0,0,0,0,0,0,0,0,0,0,0,0,0,0,0,0,0,0,0,0,0,0,0,0,0,0,0,0,0,0,0,0,0,0,0,0,0,0,0,0,0
Building 4,Gas,KWh,Meter 1,17/08/2013,0,0,0,0,0,0,0,0,0,0,0,0,0,0,0,0,0,0,0,0,0,0,0,0,0,0,0,0,0,0,0,0,0,0,0,0,0,0,0,0,0,0,0,0,0,0,0,0
Building 4,Gas,KWh,Meter 1,18/08/2013,0,0,0,0,0,0,0,0,0,0,0,0,0,0,0,0,0,0,0,0,0,0,0,0,0,0,0,0,0,0,0,0,0,0,0,0,0,0,0,0,0,0,0,0,0,0,0,0
Building 4,Gas,KWh,Meter 1,19/08/2013,0,0,0,0,0,0,0,0,0,0,0,0,0,0,0,0,0,0,0,0,0,0,0,0,0,0,0,0,0,0,0,0,0,0,0,0,0,0,0,0,0,0,0,0,0,0,0,0
Building 4,Gas,KWh,Meter 1,20/08/2013,0,0,0,0,0,0,0,0,0,0,0,0,0,0,0,0,0,0,0,0,0,0,0,0,0,0,0,0,0,0,0,0,0,0,0,0,0,0,0,0,0,0,0,0,0,0,0,0
Building 4,Gas,KWh,Meter 1,21/08/2013,0,0,0,0,0,0,0,0,0,0,0,0,0,0,0,0,0,0,0,0,0,0,0,0,0,0,0,0,0,0,0,0,0,0,0,0,0,0,0,0,0,0,0,0,0,0,0,0
Building 4,Gas,KWh,Meter 1,22/08/2013,0,0,0,0,0,0,0,0,0,0,0,0,0,0,0,0,0,0,0,0,0,0,0,0,0,0,0,0,0,0,0,0,0,0,0,0,0,0,0,0,0,0,0,0,0,0,0,0
Building 4,Gas,KWh,Meter 1,23/08/2013,0,0,0,0,0,0,0,0,0,0,0,0,0,0,0,0,0,0,0,0,0,0,0,0,0,0,0,0,0,0,0,0,0,0,0,0,0,0,0,0,0,0,0,0,0,0,0,0
Building 4,Gas,KWh,Meter 1,24/08/2013,0,0,0,0,0,0,0,0,0,0,0,0,0,0,0,0,0,0,0,0,0,0,0,0,0,0,0,0,0,0,0,0,0,0,0,0,0,0,0,0,0,0,0,0,0,0,0,0
Building 4,Gas,KWh,Meter 1,25/08/2013,0,0,0,0,0,0,0,0,0,0,0,0,0,0,0,0,0,0,0,0,0,0,0,0,0,0,0,0,0,0,0,0,0,0,0,0,0,0,0,0,0,0,0,0,0,0,0,0
Building 4,Gas,KWh,Meter 1,26/08/2013,0,0,0,0,0,0,0,0,0,0,0,0,0,0,0,0,0,0,0,0,0,0,0,0,0,0,0,0,0,0,0,0,0,0,0,0,0,0,0,0,0,0,0,0,0,0,0,0
Building 4,Gas,KWh,Meter 1,27/08/2013,0,0,0,0,0,0,0,0,0,0,0,0,0,0,0,0,0,0,0,0,0,0,0,0,0,0,0,0,0,0,0,0,0,0,0,0,0,0,0,0,0,0,0,0,0,0,0,0
Building 4,Gas,KWh,Meter 1,28/08/2013,0,0,0,0,0,0,0,0,0,0,0,0,0,0,0,0,0,0,0,0,0,0,0,0,0,0,0,0,0,0,0,0,0,0,0,0,0,0,0,0,0,0,0,0,0,0,0,0
Building 4,Gas,KWh,Meter 1,29/08/2013,0,0,0,0,0,0,0,0,0,0,0,0,0,0,0,0,0,0,0,0,0,0,0,0,0,0,0,0,0,0,0,0,0,0,0,0,0,0,0,0,0,0,0,0,0,0,0,0
Building 4,Gas,KWh,Meter 1,30/08/2013,0,0,0,0,0,0,0,0,0,0,0,0,0,0,0,0,0,0,0,0,0,0,0,0,0,0,0,0,0,0,0,0,0,0,0,0,0,0,0,0,0,0,0,0,0,0,0,0
Building 4,Gas,KWh,Meter 1,31/08/2013,0,0,0,0,0,0,0,0,0,0,0,0,0,0,0,0,0,0,0,0,0,0,0,0,0,0,0,0,0,0,0,0,0,0,0,0,0,0,0,0,0,0,0,0,0,0,0,0
Building 4,Gas,KWh,Meter 1,01/09/2013,0,0,0,0,0,0,0,0,0,0,0,0,0,0,0,0,0,0,0,0,0,0,0,0,0,0,0,0,0,0,0,0,0,0,0,0,0,0,0,0,0,0,0,0,0,0,0,0
Building 4,Gas,KWh,Meter 1,02/09/2013,0,0,0,0,0,0,0,0,0,0,0,0,0,0,0,0,0,0,0,0,0,0,0,0,0,0,0,0,0,0,0,0,0,0,0,0,0,0,0,0,0,0,0,0,0,0,0,0
Building 4,Gas,KWh,Meter 1,03/09/2013,0,0,0,0,0,0,0,0,0,0,0,0,0,0,0,0,0,0,0,0,0,0,0,0,0,0,0,0,0,0,0,0,0,0,0,0,0,0,0,0,0,0,0,0,0,0,0,0
Building 4,Gas,KWh,Meter 1,04/09/2013,0,0,0,0,0,0,0,0,0,0,0,0,0,0,0,0,0,0,0,0,0,0,0,0,0,0,0,0,0,0,0,0,0,0,0,0,0,0,0,0,0,0,0,0,0,0,0,0
Building 4,Gas,KWh,Meter 1,05/09/2013,0,0,0,0,0,0,0,0,0,0,0,0,0,0,0,0,0,0,0,0,0,0,0,0,0,0,0,0,0,0,0,0,0,0,0,0,0,0,0,0,0,0,0,0,0,0,0,0
Building 4,Gas,KWh,Meter 1,06/09/2013,0,0,0,0,0,0,0,0,0,0,0,0,0,0,0,0,0,0,0,0,0,0,0,0,0,0,0,0,0,0,0,0,0,0,0,0,0,0,0,0,0,0,0,0,0,0,0,0
Building 4,Gas,KWh,Meter 1,07/09/2013,0,0,0,0,0,0,0,0,0,0,0,0,0,0,0,0,0,0,0,0,0,0,0,0,0,0,0,0,0,0,0,0,0,0,0,0,0,0,0,0,0,0,0,0,0,0,0,0
Building 4,Gas,KWh,Meter 1,08/09/2013,0,0,0,0,0,0,0,0,0,0,0,0,0,0,0,0,0,0,0,0,0,0,0,0,0,0,0,0,0,0,0,0,0,0,0,0,0,0,0,0,0,0,0,0,0,0,0,0
Building 4,Gas,KWh,Meter 1,09/09/2013,0,0,0,0,0,0,0,0,0,0,0,0,0,0,0,0,0,0,0,0,0,0,0,0,0,0,0,0,0,0,0,0,0,0,0,0,0,0,0,0,0,0,0,0,0,0,0,0
Building 4,Gas,KWh,Meter 1,10/09/2013,0,0,0,0,0,0,0,0,0,0,0,0,0,0,0,0,0,0,0,0,0,0,0,0,0,0,0,0,0,0,0,0,0,0,0,0,0,0,0,0,0,0,0,0,0,0,0,0
Building 4,Gas,KWh,Meter 1,11/09/2013,0,0,0,0,0,0,0,0,0,0,0,0,0,0,0,0,0,0,0,0,0,0,0,0,0,0,0,0,0,0,0,0,0,0,0,0,0,0,0,0,0,0,0,0,0,0,0,0
Building 4,Gas,KWh,Meter 1,12/09/2013,0,0,0,0,0,0,0,0,0,0,0,0,0,0,0,0,0,0,0,0,0,0,0,0,0,0,0,0,0,0,0,0,0,0,0,0,0,0,0,0,0,0,0,0,0,0,0,0
Building 4,Gas,KWh,Meter 1,13/09/2013,0,0,0,0,0,0,0,0,0,0,0,0,0,0,0,0,0,0,0,0,0,0,0,0,0,0,0,0,0,0,0,0,0,0,0,0,0,0,0,0,0,0,0,0,0,0,0,0
Building 4,Gas,KWh,Meter 1,14/09/2013,0,0,0,0,0,0,0,0,0,0,0,0,0,0,0,0,0,0,0,0,0,0,0,0,0,0,0,0,0,0,0,0,0,0,0,0,0,0,0,0,0,0,0,0,0,0,0,0
Building 4,Gas,KWh,Meter 1,15/09/2013,0,0,0,0,0,0,0,0,0,0,0,0,0,0,0,0,0,0,0,0,0,0,0,0,0,0,0,0,0,0,0,0,0,0,0,0,0,0,0,0,0,0,0,0,0,0,0,0
Building 4,Gas,KWh,Meter 1,16/09/2013,0,0,0,0,0,0,0,0,0,0,0,0,0,0,0,0,0,0,0,0,0,0,0,0,0,0,0,0,0,0,0,0,0,0,0,0,0,0,0,0,0,0,0,0,0,0,0,0
Building 4,Gas,KWh,Meter 1,17/09/2013,0,0,0,0,0,0,0,0,0,0,0,0,0,0,0,0,0,0,0,0,0,0,0,0,0,0,0,0,0,0,0,0,0,0,0,0,0,0,0,0,0,0,0,0,0,0,0,0
Building 4,Gas,KWh,Meter 1,18/09/2013,0,0,0,0,0,0,0,0,0,0,0,0,0,0,0,0,0,0,0,0,0,0,0,0,0,0,0,0,0,0,0,0,0,0,0,0,0,0,0,0,0,0,0,0,0,0,0,0
Building 4,Gas,KWh,Meter 1,19/09/2013,0,0,0,0,0,0,0,0,0,0,0,0,0,0,0,0,0,0,0,0,0,0,0,0,0,0,0,0,0,0,0,0,0,0,0,0,0,0,0,0,0,0,0,0,0,0,0,0
Building 4,Gas,KWh,Meter 1,20/09/2013,0,0,0,0,0,0,0,0,0,0,0,0,0,0,0,0,0,0,0,0,0,0,0,0,0,0,0,0,0,0,0,0,0,0,0,0,0,0,0,0,0,0,0,0,0,0,0,0
Building 4,Gas,KWh,Meter 1,21/09/2013,0,0,0,0,0,0,0,0,0,0,0,0,0,0,0,0,0,0,0,0,0,0,0,0,0,0,0,0,0,0,0,0,0,0,0,0,0,0,0,0,0,0,0,0,0,0,0,0
Building 4,Gas,KWh,Meter 1,22/09/2013,0,0,0,0,0,0,0,0,0,0,0,0,0,0,0,0,0,0,0,0,0,0,0,0,0,0,0,0,0,0,0,0,0,0,0,0,0,0,0,0,0,0,0,0,0,0,0,0
Building 4,Gas,KWh,Meter 1,23/09/2013,0,0,0,0,0,0,0,0,0,0,0,0,0,0,0,0,0,0,0,0,0,0,0,0,0,0,0,0,0,0,0,0,0,0,0,0,0,0,0,0,0,0,0,0,0,0,0,0
Building 4,Gas,KWh,Meter 1,24/09/2013,0,0,0,0,0,0,0,0,0,0,0,0,0,0,0,0,0,0,0,0,0,0,0,0,0,0,0,0,0,0,0,0,0,0,0,0,0,0,0,0,0,0,0,0,0,0,0,0
Building 4,Gas,KWh,Meter 1,25/09/2013,0,0,0,0,0,0,0,0,0,0,0,0,0,0,0,0,0,0,0,0,0,0,0,0,0,0,0,0,0,0,0,0,0,0,0,0,0,0,0,0,0,0,0,0,0,0,0,0
Building 4,Gas,KWh,Meter 1,26/09/2013,0,0,0,0,0,0,0,0,0,0,0,0,0,0,0,0,0,0,0,0,0,0,0,0,0,0,0,0,0,0,0,0,0,0,0,0,0,0,0,0,0,0,0,0,0,0,0,0
Building 4,Gas,KWh,Meter 1,27/09/2013,0,0,0,0,0,0,0,0,0,0,0,0,0,0,0,0,0,0,0,0,0,0,0,0,0,0,0,0,0,0,0,0,0,0,0,0,0,0,0,0,0,0,0,0,0,0,0,0
Building 4,Gas,KWh,Meter 1,28/09/2013,0,0,0,0,0,0,0,0,0,0,0,0,0,0,0,0,0,0,0,0,0,0,0,0,0,0,0,0,0,0,0,0,0,0,0,0,0,0,0,0,0,0,0,0,0,0,0,0
Building 4,Gas,KWh,Meter 1,29/09/2013,0,0,0,0,0,0,0,0,0,0,0,0,0,0,0,0,0,0,0,0,0,0,0,0,0,0,0,0,0,0,0,0,0,0,0,0,0,0,0,0,0,0,0,0,0,0,0,0
Building 4,Gas,KWh,Meter 1,30/09/2013,0,0,0,0,0,0,0,0,0,0,0,0,0,0,0,0,0,0,0,0,0,0,0,0,0,0,0,0,0,0,0,0,0,0,0,0,0,0,0,0,0,0,0,0,0,0,0,0
Building 4,Gas,KWh,Meter 1,01/10/2013,0,0,0,0,0,0,0,0,0,0,0,0,0,0,0,0,0,0,0,0,0,0,0,0,0,0,0,0,0,0,0,0,0,0,0,0,0,0,0,0,0,0,0,0,0,0,0,0
Building 4,Gas,KWh,Meter 1,02/10/2013,0,0,0,0,0,0,0,0,0,0,0,0,0,0,0,0,0,0,0,0,0,0,0,0,0,0,0,0,0,0,0,0,0,0,0,0,0,0,0,0,0,0,0,0,0,0,0,0
Building 4,Gas,KWh,Meter 1,03/10/2013,0,0,0,0,0,0,0,0,0,0,0,0,0,0,0,0,0,0,0,0,0,0,0,0,0,0,0,0,0,0,0,0,0,0,0,0,0,0,0,0,0,0,0,0,0,0,0,0
Building 4,Gas,KWh,Meter 1,04/10/2013,0,0,0,0,0,0,0,0,0,0,0,0,0,0,0,0,0,0,0,0,0,0,0,0,0,0,0,0,0,0,0,0,0,0,0,0,0,0,0,0,0,0,0,0,0,0,0,0
Building 4,Gas,KWh,Meter 1,05/10/2013,0,0,0,0,0,0,0,0,0,0,0,0,0,0,0,0,0,0,0,0,0,0,0,0,0,0,0,0,0,0,0,0,0,0,0,0,0,0,0,0,0,0,0,0,0,0,0,0
Building 4,Gas,KWh,Meter 1,06/10/2013,0,0,0,0,0,0,0,0,0,0,0,0,0,0,0,0,0,0,0,0,0,0,0,0,0,0,0,0,0,0,0,0,0,0,0,0,0,0,0,0,0,0,0,0,0,0,0,0
Building 4,Gas,KWh,Meter 1,07/10/2013,0,0,0,0,0,0,0,0,0,0,0,0,0,0,0,0,0,0,0,0,0,0,0,0,0,0,0,0,0,0,0,0,0,0,0,0,0,0,0,0,0,0,0,0,0,0,0,0
Building 4,Gas,KWh,Meter 1,08/10/2013,0,0,0,0,0,0,0,0,0,0,0,0,0,0,0,0,0,0,0,0,0,0,0,0,0,0,0,0,0,0,0,0,0,0,0,0,0,0,0,0,0,0,0,0,0,0,0,0
Building 4,Gas,KWh,Meter 1,09/10/2013,0,0,0,0,0,0,0,0,0,0,0,0,0,0,0,0,0,0,0,0,0,0,0,0,0,0,0,0,0,0,0,0,0,0,0,0,0,0,0,0,0,0,0,0,0,0,0,0
Building 4,Gas,KWh,Meter 1,10/10/2013,0,0,0,0,0,0,0,0,0,0,0,0,0,0,0,0,0,0,0,0,0,0,0,0,0,0,0,0,0,0,0,0,0,0,0,0,0,0,0,0,0,0,0,0,0,0,0,0
Building 4,Gas,KWh,Meter 1,11/10/2013,0,0,0,0,0,0,0,0,0,0,0,0,0,0,0,0,0,0,0,0,0,0,0,0,0,0,0,0,0,0,0,0,0,0,0,0,0,0,0,0,0,0,0,0,0,0,0,0
Building 4,Gas,KWh,Meter 1,12/10/2013,0,0,0,0,0,0,0,0,0,0,0,0,0,0,0,0,0,0,0,0,0,0,0,0,0,0,0,0,0,0,0,0,0,0,0,0,0,0,0,0,0,0,0,0,0,0,0,0
Building 4,Gas,KWh,Meter 1,13/10/2013,0,0,0,0,0,0,0,0,0,0,0,0,0,0,0,0,0,0,0,0,0,0,0,0,0,0,0,0,0,0,0,0,0,0,0,0,0,0,0,0,0,0,0,0,0,0,0,0
Building 4,Gas,KWh,Meter 1,14/10/2013,0,0,0,0,0,0,0,0,0,0,0,0,0,0,0,0,0,0,308,187,121,110,99,99,88,99,66,88,99,88,99,88,55,88,33,0,0,0,0,0,0,0,0,0,0,0,0,0
Building 4,Gas,KWh,Meter 1,15/10/2013,0,0,0,0,0,0,0,0,220,55,66,33,55,55,44,88,55,88,165,99,99,88,77,99,33,0,0,0,0,0,0,0,0,0,0,0,0,0,0,0,0,0,0,0,0,0,0,0
Building 4,Gas,KWh,Meter 1,16/10/2013,0,0,0,0,0,0,0,0,0,11,242,77,88,88,55,88,88,88,154,77,88,88,88,99,99,88,99,99,77,132,0,0,0,0,0,0,0,0,0,0,0,0,0,0,0,0,0,0
Building 4,Gas,KWh,Meter 1,17/10/2013,0,0,0,0,0,0,0,0,0,0,0,0,66,220,66,77,88,77,77,176,88,33,44,0,0,0,0,0,0,0,0,0,0,0,0,0,0,0,0,0,0,0,0,0,0,0,0,0
Building 4,Gas,KWh,Meter 1,18/10/2013,0,0,0,0,0,0,0,0,0,0,0,0,0,66,198,33,55,66,154,0,0,0,0,0,0,0,0,0,0,0,0,0,0,0,0,0,0,0,0,0,0,0,0,0,0,0,0,0
Building 4,Gas,KWh,Meter 1,19/10/2013,0,0,0,0,0,0,0,0,0,0,0,0,0,0,0,0,0,0,0,0,0,0,0,0,0,0,0,0,0,0,0,0,0,0,0,0,0,0,0,0,0,0,0,0,0,0,0,0
Building 4,Gas,KWh,Meter 1,20/10/2013,0,0,0,0,0,0,0,0,0,0,0,0,0,0,0,0,0,0,0,0,0,0,0,0,0,0,0,0,0,0,0,0,0,0,0,0,0,0,0,0,0,0,0,0,0,0,0,0
Building 4,Gas,KWh,Meter 1,21/10/2013,0,0,0,0,0,0,0,0,0,0,0,0,0,44,220,99,0,0,0,0,0,0,0,0,0,0,0,0,0,0,0,0,0,0,0,0,0,0,0,0,0,0,0,0,0,0,0,0
Building 4,Gas,KWh,Meter 1,22/10/2013,0,0,0,0,0,0,0,0,0,0,0,0,0,0,154,77,0,0,0,0,0,0,0,0,0,33,187,66,66,66,88,66,55,66,11,0,0,0,0,0,0,0,0,0,0,0,0,0
Building 4,Gas,KWh,Meter 1,23/10/2013,0,0,0,0,0,0,0,0,0,0,0,0,0,0,0,0,55,220,176,55,44,55,11,0,0,0,0,0,0,0,0,0,0,0,0,0,0,0,0,0,0,0,0,0,0,0,0,0
Building 4,Gas,KWh,Meter 1,24/10/2013,0,0,0,0,0,0,0,0,0,0,0,0,0,0,0,0,231,66,187,121,0,0,0,0,77,0,0,0,0,0,0,0,0,176,88,77,0,0,0,0,0,0,0,0,0,0,0,0
Building 4,Gas,KWh,Meter 1,25/10/2013,0,0,0,0,0,0,0,0,0,0,0,0,0,0,0,0,0,0,88,198,11,0,0,0,0,0,0,0,0,0,0,0,0,0,0,0,0,0,0,0,0,0,0,0,0,0,0,0
Building 4,Gas,KWh,Meter 1,26/10/2013,0,0,0,0,0,0,0,0,0,0,0,0,0,0,0,0,0,0,110,198,11,0,0,0,0,0,0,0,0,0,0,0,0,0,0,0,0,0,0,0,0,0,0,242,88,44,66,77
Building 4,Gas,KWh,Meter 1,27/10/2013,33,77,33,187,66,44,77,33,77,33,77,33,77,44,66,44,66,55,55,44,66,44,66,55,231,88,33,77,33,77,33,66,44,55,55,33,66,44,66,33,77,33,44,66,33,77,33,77
Building 4,Gas,KWh,Meter 1,28/10/2013,33,44,66,33,77,33,66,44,44,66,44,66,33,77,33,88,143,154,88,33,44,55,0,0,0,0,0,0,0,0,0,220,99,44,0,0,0,0,0,0,0,0,0,0,0,0,0,0
Building 4,Gas,KWh,Meter 1,29/10/2013,0,0,0,0,0,0,0,0,0,0,0,0,0,231,44,66,99,132,11,0,0,0,0,0,0,0,0,0,0,0,0,220,77,44,11,0,0,0,0,0,0,0,0,0,0,0,0,0
Building 4,Gas,KWh,Meter 1,30/10/2013,0,0,0,0,0,0,0,0,0,0,0,220,77,44,66,44,121,121,110,0,0,0,0,0,0,0,0,0,0,0,0,0,0,0,0,0,0,0,0,0,0,0,0,0,0,0,0,0
Building 4,Gas,KWh,Meter 1,31/10/2013,0,0,0,0,0,0,0,0,0,0,0,0,143,165,33,66,110,99,11,0,0,0,0,0,0,0,0,0,0,0,0,220,110,55,0,0,0,0,0,0,0,0,0,0,0,0,0,0
Building 4,Gas,KWh,Meter 1,01/11/2013,0,0,0,0,0,0,0,0,0,0,0,0,0,242,77,66,99,99,22,0,0,0,0,0,0,0,0,0,0,0,0,0,0,0,0,0,0,0,0,0,0,0,0,0,0,0,0,0
Building 4,Gas,KWh,Meter 1,02/11/2013,0,0,0,0,0,0,0,0,0,0,0,0,0,0,0,0,110,286,143,0,0,0,0,0,0,0,0,66,99,0,0,0,0,0,0,0,0,0,0,0,0,0,0,0,0,0,0,0
Building 4,Gas,KWh,Meter 1,03/11/2013,0,0,0,0,0,0,0,0,0,0,0,0,0,0,0,0,0,0,0,0,0,0,0,99,286,198,33,0,0,0,0,154,88,44,66,44,66,44,0,0,0,0,0,0,0,0,0,44
Building 4,Gas,KWh,Meter 1,04/11/2013,187,44,77,33,77,33,77,33,77,33,77,33,77,33,77,143,198,165,121,143,55,77,88,77,77,44,33,66,33,66,110,77,77,88,99,77,33,33,0,0,0,0,0,0,0,0,0,0
Building 4,Gas,KWh,Meter 1,05/11/2013,0,0,0,55,154,66,44,33,66,44,66,33,44,66,55,66,242,143,99,66,33,44,66,33,66,44,33,66,33,99,110,44,77,77,110,0,0,0,0,0,0,0,0,0,0,0,0,0
Building 4,Gas,KWh,Meter 1,06/11/2013,0,44,154,66,44,33,77,33,55,55,33,66,33,44,66,77,198,99,88,55,44,11,0,0,0,0,0,0,0,0,0,0,0,0,0,0,0,0,0,0,0,0,0,0,0,0,0,55
Building 4,Gas,KWh,Meter 1,07/11/2013,187,44,77,33,44,66,33,66,33,44,66,33,44,66,33,88,176,132,88,66,33,33,66,33,33,33,55,44,33,33,66,99,66,66,110,44,55,44,33,33,0,0,0,0,0,0,0,0
Building 4,Gas,KWh,Meter 1,08/11/2013,0,44,143,66,44,33,66,33,44,66,33,33,66,33,88,44,132,165,77,66,33,33,55,55,33,55,44,33,44,55,132,33,33,66,44,33,66,33,55,44,0,0,0,0,0,0,0,0
Building 4,Gas,KWh,Meter 1,09/11/2013,0,55,121,77,33,44,66,33,66,33,55,55,33,66,33,55,209,154,121,88,66,33,66,44,33,55,44,44,66,88,77,66,33,44,66,33,33,66,44,33,0,0,0,0,0,0,0,0
Building 4,Gas,KWh,Meter 1,10/11/2013,0,44,143,66,33,44,66,33,66,33,55,55,33,66,33,66,44,33,66,33,66,33,33,110,187,132,33,33,66,33,33,55,44,33,55,44,33,66,33,33,0,0,0,0,0,0,0,0
Building 4,Gas,KWh,Meter 1,11/11/2013,0,55,132,66,33,44,66,33,55,44,66,44,55,55,33,66,165,77,66,77,77,55,66,77,66,66,44,77,44,55,33,77,33,55,44,44,66,33,66,33,0,0,0,0,0,0,0,0
Building 4,Gas,KWh,Meter 1,12/11/2013,0,0,0,0,0,55,121,55,55,33,33,66,33,33,55,55,66,33,132,77,55,55,77,33,66,44,66,66,44,66,33,66,44,66,110,22,33,0,0,0,0,0,0,0,0,0,0,0
Building 4,Gas,KWh,Meter 1,13/11/2013,0,0,0,55,143,66,33,33,66,33,33,66,33,33,77,55,55,66,143,99,66,77,66,77,77,44,66,66,55,22,0,0,0,0,0,0,0,0,0,0,0,0,0,0,0,0,0,0
Building 4,Gas,KWh,Meter 1,14/11/2013,0,55,176,44,66,33,33,66,33,33,55,44,33,55,55,55,55,55,132,88,66,77,66,55,55,77,33,77,66,33,44,66,77,33,143,33,33,66,33,33,0,0,0,0,0,0,0,0
Building 4,Gas,KWh,Meter 1,15/11/2013,0,55,121,66,33,33,66,33,33,66,33,33,66,44,66,44,55,165,99,99,110,88,88,77,88,77,88,77,77,143,33,33,66,33,33,33,66,33,33,33,0,0,0,0,0,0,0,0
Building 4,Gas,KWh,Meter 1,16/11/2013,0,44,132,77,33,33,66,33,66,33,33,66,33,66,33,88,33,220,88,88,88,99,99,88,88,77,77,77,77,110,66,33,33,55,44,33,55,44,33,33,0,0,0,0,0,0,0,0
Building 4,Gas,KWh,Meter 1,17/11/2013,0,55,132,77,33,44,55,33,66,33,55,44,33,77,33,44,55,33,66,33,33,77,33,55,110,77,77,88,44,132,44,55,33,66,33,33,66,33,33,33,0,0,0,0,0,0,0,0
Building 4,Gas,KWh,Meter 1,18/11/2013,0,55,132,77,33,33,77,33,55,44,33,66,44,44,55,88,44,165,77,77,77,77,66,66,66,77,77,88,77,33,77,66,44,77,110,33,66,44,33,33,0,0,0,0,0,0,0,0
Building 4,Gas,KWh,Meter 1,19/11/2013,0,0,0,0,0,44,154,55,55,33,66,33,44,55,44,88,55,209,88,88,88,88,77,77,77,88,77,77,77,55,55,88,77,77,99,66,44,0,0,0,0,0,0,0,0,0,0,0
Building 4,Gas,KWh,Meter 1,20/11/2013,0,0,0,44,154,77,33,66,33,55,55,44,55,44,66,77,88,220,88,99,110,110,110,99,110,110,99,88,88,0,0,0,0,0,0,0,0,0,0,0,0,0,0,0,0,0,0,0
Building 4,Gas,KWh,Meter 1,21/11/2013,0,55,176,55,55,44,66,77,33,77,44,55,77,33,77,66,165,209,99,121,110,154,110,88,110,121,99,88,99,77,88,88,88,88,132,66,44,66,33,33,0,0,0,0,0,0,0,0
Building 4,Gas,KWh,Meter 1,22/11/2013,0,55,132,77,33,77,33,66,33,77,33,66,44,77,33,77,154,198,77,110,88,88,77,88,88,77,88,77,77,132,55,44,33,66,33,33,66,44,55,44,0,0,0,0,0,0,0,0
Building 4,Gas,KWh,Meter 1,23/11/2013,0,55,121,77,33,77,33,66,33,66,44,55,44,77,33,66,220,143,143,99,88,99,77,77,110,88,88,88,88,110,66,33,33,66,33,44,55,33,77,33,0,0,0,0,0,0,0,0
Building 4,Gas,KWh,Meter 1,24/11/2013,0,55,132,77,33,66,33,77,33,66,44,55,55,55,55,44,55,55,77,44,55,77,33,176,198,132,77,110,99,132,66,77,44,66,66,66,55,66,77,33,0,0,0,0,0,0,0,0
Building 4,Gas,KWh,Meter 1,25/11/2013,0,55,143,77,77,88,66,66,55,77,77,66,77,44,77,77,143,209,132,121,99,110,110,121,132,99,88,99,99,55,77,99,99,88,132,33,55,66,33,55,0,0,0,0,0,0,0,0
Building 4,Gas,KWh,Meter 1,26/11/2013,0,0,0,0,0,55,187,77,66,55,66,77,77,55,66,77,242,154,165,110,110,110,154,99,99,110,121,121,110,88,55,99,88,88,143,44,55,0,0,0,0,0,0,0,0,0,0,0
Building 4,Gas,KWh,Meter 1,27/11/2013,0,0,0,66,143,77,33,66,77,33,66,66,44,66,66,110,110,176,66,110,121,99,88,77,88,99,99,88,99,11,0,0,0,0,0,0,0,0,0,0,0,0,0,0,0,0,0,0
Building 4,Gas,KWh,Meter 1,28/11/2013,0,66,176,99,88,55,88,88,99,55,77,99,77,66,88,66,88,154,77,88,77,88,99,99,55,77,88,77,66,55,77,55,77,77,121,44,55,55,44,44,0,0,0,0,0,0,0,0
Building 4,Gas,KWh,Meter 1,29/11/2013,0,55,132,66,44,66,44,55,55,44,66,44,66,55,44,99,55,143,88,88,99,77,55,77,77,66,66,99,99,121,55,33,44,66,44,33,66,33,55,33,0,0,0,0,0,0,0,0
Building 4,Gas,KWh,Meter 1,30/11/2013,0,66,121,66,44,66,33,66,44,55,44,77,33,44,66,66,55,187,77,110,88,55,66,88,88,44,88,77,66,132,44,33,66,33,55,55,44,66,33,44,0,0,0,0,0,0,0,0
Building 4,Gas,KWh,Meter 1,01/12/2013,0,66,121,66,44,66,44,55,66,44,55,55,55,66,33,66,44,55,66,33,66,44,55,55,231,88,66,99,88,143,88,55,77,44,66,33,66,33,66,33,0,0,0,0,0,0,0,0
Building 4,Gas,KWh,Meter 1,02/12/2013,0,55,154,44,66,44,55,66,33,66,44,55,55,44,66,77,165,165,77,66,77,88,99,88,66,77,88,77,88,44,66,88,66,55,165,33,55,33,44,66,0,0,0,0,0,0,0,0
Building 4,Gas,KWh,Meter 1,03/12/2013,0,0,0,0,0,55,187,44,77,33,66,44,44,44,66,66,77,154,88,88,88,99,88,88,88,88,99,55,88,77,77,66,77,88,143,33,33,0,0,0,0,0,0,0,0,0,0,0
Building 4,Gas,KWh,Meter 1,04/12/2013,0,0,0,66,154,55,66,44,55,66,44,66,44,55,77,77,55,165,88,99,99,99,88,88,88,66,77,77,99,0,0,0,0,0,0,0,0,0,0,0,0,0,0,0,0,0,0,0
Building 4,Gas,KWh,Meter 1,05/12/2013,0,66,165,77,44,66,66,44,66,55,66,44,66,66,88,55,121,275,121,88,110,110,132,121,110,99,110,99,99,99,88,44,77,88,132,44,66,44,55,55,0,0,0,0,0,0,0,0
Building 4,Gas,KWh,Meter 1,06/12/2013,0,44,154,55,66,66,33,66,77,33,66,77,33,77,44,110,66,275,66,99,143,110,110,99,88,77,66,77,88,154,33,44,66,33,66,44,55,66,33,44,0,0,0,0,0,0,0,0
Building 4,Gas,KWh,Meter 1,07/12/2013,0,66,132,44,77,44,44,66,44,66,44,66,55,44,66,44,77,143,55,110,77,99,77,99,88,88,88,55,77,154,55,44,55,55,55,44,77,44,55,44,0,0,0,0,0,0,0,0
Building 4,Gas,KWh,Meter 1,09/12/2013,0,66,121,88,33,44,88,33,44,88,33,44,66,55,44,110,44,264,88,44,99,88,77,55,88,77,77,55,77,55,55,99,44,88,143,44,33,66,44,33,0,0,0,0,0,0,0,0
Building 4,Gas,KWh,Meter 1,10/12/2013,0,0,0,0,0,66,143,66,44,66,44,55,77,33,77,66,66,66,154,66,66,88,88,55,77,88,88,55,66,66,44,77,77,44,154,55,33,0,0,0,0,0,0,0,0,0,0,0
Building 4,Gas,KWh,Meter 1,11/12/2013,0,0,0,66,143,77,44,66,55,44,66,55,55,77,33,110,55,66,198,99,99,99,99,99,88,55,88,99,88,0,0,0,0,0,0,0,0,0,0,0,0,0,0,0,0,0,0,0
Building 4,Gas,KWh,Meter 1,12/12/2013,0,66,165,77,44,66,44,66,55,55,66,44,66,55,44,121,55,264,77,77,55,88,99,66,66,88,88,77,66,77,66,66,66,88,132,44,44,44,55,55,0,0,0,0,0,0,0,0
Building 4,Gas,KWh,Meter 1,13/12/2013,0,66,121,66,33,77,44,44,44,66,44,66,33,55,66,88,55,44,88,88,88,88,55,77,88,88,55,77,88,132,22,55,55,44,44,66,66,55,66,154,0,0,0,0,0,0,0,0
Building 4,Gas,KWh,Meter 1,14/12/2013,0,66,110,77,33,66,44,55,44,44,66,44,66,33,44,66,44,66,121,88,77,77,66,66,88,77,77,66,66,143,33,66,22,44,55,66,44,55,44,33,0,0,0,0,0,0,0,0
Building 4,Gas,KWh,Meter 1,15/12/2013,0,66,132,44,55,66,33,55,55,55,66,44,55,33,44,66,44,55,55,33,77,44,33,66,77,66,88,77,55,165,33,66,33,66,44,55,33,44,66,44,0,0,0,0,0,0,0,0
Building 4,Gas,KWh,Meter 1,16/12/2013,0,66,121,44,55,55,55,66,33,44,55,55,55,55,33,88,66,55,77,88,88,88,55,88,77,55,88,44,88,44,77,44,88,44,165,33,33,66,44,22,0,0,0,0,0,0,0,0
Building 4,Gas,KWh,Meter 1,17/12/2013,0,0,0,0,0,77,132,44,44,88,11,55,44,66,33,99,44,66,132,88,77,77,66,66,66,55,88,55,77,33,88,44,44,77,143,33,33,0,0,0,0,0,0,0,0,0,0,0
Building 4,Gas,KWh,Meter 1,18/12/2013,0,0,0,66,143,55,66,44,66,44,55,55,44,55,88,55,66,88,110,66,88,66,66,88,88,66,66,99,88,0,0,0,0,0,0,0,0,0,0,0,0,0,0,0,0,0,0,0
Building 4,Gas,KWh,Meter 1,19/12/2013,0,0,0,0,0,0,0,0,0,253,110,88,99,99,77,99,66,88,209,99,110,88,88,44,77,88,88,55,88,77,55,88,55,88,154,33,55,66,44,55,0,0,0,0,0,0,0,0
Building 4,Gas,KWh,Meter 1,20/12/2013,0,66,121,88,33,77,33,66,55,44,77,33,66,55,88,66,66,264,99,88,88,88,88,55,88,88,99,88,88,132,33,55,66,44,55,66,44,55,66,33,0,0,0,0,0,0,0,0
Building 4,Gas,KWh,Meter 1,21/12/2013,0,77,121,77,44,66,44,66,55,44,77,33,66,55,44,66,55,66,88,99,88,77,99,88,55,88,99,44,77,165,33,66,44,55,55,44,55,66,33,55,0,0,0,0,0,0,0,0
Building 4,Gas,KWh,Meter 1,22/12/2013,0,66,132,66,44,66,44,55,66,44,55,77,33,66,55,55,66,44,55,55,66,44,55,44,66,99,88,99,66,165,33,55,66,55,44,66,44,55,66,33,0,0,0,0,0,0,0,0
Building 4,Gas,KWh,Meter 1,23/12/2013,0,77,132,77,33,66,55,55,66,44,66,66,44,66,44,99,143,231,55,88,99,99,110,99,99,110,99,110,99,99,99,99,99,55,165,55,44,77,44,55,0,0,0,0,0,0,0,0
Building 4,Gas,KWh,Meter 1,24/12/2013,0,0,0,0,0,66,143,66,66,55,44,77,44,66,88,66,77,176,99,99,154,33,44,55,66,44,66,66,33,66,66,33,77,44,66,66,33,0,0,0,0,0,0,0,0,0,0,0
Building 4,Gas,KWh,Meter 1,25/12/2013,0,0,0,77,143,88,44,66,77,33,77,55,66,66,44,77,209,176,121,154,66,88,77,66,99,88,55,99,99,0,0,0,0,0,0,0,0,0,0,0,0,0,0,0,0,0,0,0
Building 4,Gas,KWh,Meter 1,26/12/2013,0,66,165,77,44,77,55,55,77,55,66,55,77,55,88,66,286,176,132,176,121,165,121,66,66,88,110,99,99,55,77,99,88,99,88,66,99,143,88,55,0,0,0,0,0,0,0,0
Building 4,Gas,KWh,Meter 1,27/12/2013,0,77,132,88,33,77,44,77,66,55,66,44,66,88,66,66,286,154,154,110,110,110,110,121,121,132,121,110,110,154,55,88,99,55,88,66,66,99,44,66,0,0,0,0,0,0,0,0
Building 4,Gas,KWh,Meter 1,28/12/2013,0,77,132,99,88,55,99,66,77,88,66,77,99,55,88,88,66,253,110,110,110,132,132,110,110,99,110,88,99,154,55,77,88,55,66,44,66,55,55,44,0,0,0,0,0,0,0,0
Building 4,Gas,KWh,Meter 1,29/12/2013,0,66,132,88,33,77,44,66,66,55,77,44,77,33,77,77,33,77,44,66,55,55,66,44,286,99,99,121,88,154,55,55,66,44,66,55,55,66,44,44,0,0,0,0,0,0,0,0
Building 4,Gas,KWh,Meter 1,30/12/2013,0,77,132,77,44,66,44,66,77,44,77,44,66,55,77,88,143,242,99,88,110,99,110,99,110,99,99,99,99,99,110,77,55,99,143,55,33,66,55,44,0,0,0,0,0,0,0,0
Building 4,Gas,KWh,Meter 1,31/12/2013,0,0,0,0,0,77,132,88,44,66,44,66,99,44,66,99,66,242,88,99,99,110,110,99,99,110,99,99,110,143,77,55,88,33,66,33,55,0,0,0,0,0,0,0,0,0,0,0
Building 4,Gas,KWh,Meter 1,01/01/2014,0,0,0,77,143,66,55,66,44,66,55,77,66,77,77,55,176,209,165,55,88,99,99,99,88,77,88,99,99,66,77,99,143,33,0,0,0,0,0,0,0,0,0,0,0,0,0,0
Building 4,Gas,KWh,Meter 1,02/01/2014,0,77,165,44,77,55,55,77,33,77,55,55,99,55,66,66,198,187,77,99,88,66,77,99,99,99,110,99,99,99,77,66,99,66,143,66,44,66,44,55,0,0,0,0,0,0,0,0
Building 4,Gas,KWh,Meter 1,03/01/2014,0,77,165,44,77,44,55,66,66,55,66,44,77,44,66,99,66,165,99,121,132,132,99,110,99,110,110,99,121,176,88,33,77,33,66,55,55,66,44,55,0,0,0,0,0,0,0,0
Building 4,Gas,KWh,Meter 1,04/01/2014,0,77,121,77,44,66,55,55,66,55,66,44,77,44,66,44,77,165,99,110,99,99,110,99,110,99,99,99,77,176,66,66,88,44,88,88,44,99,55,77,0,0,0,0,0,0,0,0
Building 4,Gas,KWh,Meter 1,05/01/2014,0,77,121,99,77,66,88,66,77,88,55,88,88,55,88,66,77,88,55,88,88,55,88,66,132,99,99,110,44,165,66,44,66,77,33,66,66,55,66,33,0,0,0,0,0,0,0,0
Building 4,Gas,KWh,Meter 1,06/01/2014,0,88,121,77,44,66,55,66,66,44,77,44,66,55,55,110,66,242,66,88,99,99,110,99,99,110,110,99,99,99,44,88,99,44,187,55,44,66,44,55,0,0,0,0,0,0,0,0
Building 4,Gas,KWh,Meter 1,07/01/2014,0,0,0,0,0,88,121,77,44,77,44,66,66,44,88,88,55,165,99,99,99,55,77,88,99,66,88,77,99,66,55,88,77,55,154,55,33,0,0,0,0,0,0,0,0,0,0,0
Building 4,Gas,KWh,Meter 1,08/01/2014,0,0,0,77,132,77,44,66,44,66,66,44,66,44,99,66,66,77,143,66,66,88,99,88,66,88,99,88,55,44,0,0,0,0,0,0,0,0,0,0,0,0,0,0,0,0,0,0
Building 4,Gas,KWh,Meter 1,09/01/2014,0,77,154,88,44,66,44,77,55,55,88,33,77,33,77,99,55,77,143,88,55,88,88,88,66,77,88,99,88,55,55,99,66,66,154,55,44,66,55,55,0,0,0,0,0,0,0,0
Building 4,Gas,KWh,Meter 1,10/01/2014,0,77,110,88,44,66,44,66,66,44,77,33,66,66,66,88,88,55,143,77,99,88,88,66,77,77,99,99,77,154,11,66,55,55,44,77,33,66,44,33,0,0,0,0,0,0,0,0
Building 4,Gas,KWh,Meter 1,11/01/2014,0,88,110,88,33,66,66,44,77,44,66,55,55,77,33,77,44,77,154,99,66,77,88,88,88,66,77,88,88,132,55,33,66,44,66,44,55,66,44,44,0,0,0,0,0,0,0,0
Building 4,Gas,KWh,Meter 1,12/01/2014,0,77,121,88,33,77,77,33,66,55,66,66,44,77,55,55,77,33,77,44,77,55,44,88,220,110,66,88,66,176,55,55,77,44,55,77,44,77,44,66,0,0,0,0,0,0,0,0
Building 4,Gas,KWh,Meter 1,13/01/2014,0,77,121,77,44,66,77,44,66,66,55,77,44,77,55,99,154,242,88,99,66,77,99,99,77,110,55,121,132,99,88,77,88,88,143,44,66,55,55,44,0,0,0,0,0,0,0,0
Building 4,Gas,KWh,Meter 1,14/01/2014,0,0,0,0,0,88,132,88,33,77,55,66,66,55,88,88,121,275,55,88,99,88,99,88,66,99,88,99,99,55,77,88,55,88,143,44,44,0,0,0,0,0,0,0,0,0,0,0
Building 4,Gas,KWh,Meter 1,15/01/2014,0,0,0,77,143,77,44,66,44,77,55,55,77,44,66,99,55,132,99,99,99,77,77,99,99,88,66,99,99,11,0,0,0,0,0,0,0,0,0,0,0,0,0,0,0,0,0,0
Building 4,Gas,KWh,Meter 1,16/01/2014,0,88,154,77,44,77,44,66,55,66,66,44,77,44,77,99,55,143,99,99,77,66,88,99,99,88,66,143,121,99,44,99,77,66,176,44,66,66,44,33,0,0,0,0,0,0,0,0
Building 4,Gas,KWh,Meter 1,17/01/2014,0,88,121,88,44,66,55,66,77,44,66,44,77,44,88,77,66,154,88,99,44,88,88,99,66,88,88,99,77,143,22,66,33,66,44,55,66,55,55,33,0,0,0,0,0,0,0,0
Building 4,Gas,KWh,Meter 1,18/01/2014,0,77,121,77,44,66,66,44,66,77,33,66,44,77,44,66,44,132,110,77,88,77,66,99,99,88,77,66,88,165,33,66,44,66,44,55,66,44,55,44,0,0,0,0,0,0,0,0
Building 4,Gas,KWh,Meter 1,19/01/2014,0,88,121,77,33,77,44,66,66,44,66,66,33,77,55,55,66,44,66,44,66,66,33,77,77,88,55,99,77,154,33,66,44,66,44,55,77,33,66,44,0,0,0,0,0,0,0,0
Building 4,Gas,KWh,Meter 1,20/01/2014,0,77,121,88,33,77,44,55,77,44,77,44,55,110,33,88,121,231,121,121,121,99,110,110,110,110,110,110,110,77,77,99,99,88,154,33,66,55,55,33,0,0,0,0,0,0,0,0
Building 4,Gas,KWh,Meter 1,21/01/2014,0,0,0,0,0,88,132,88,33,77,44,77,66,44,88,99,99,176,99,110,110,110,99,121,132,121,110,99,110,110,99,99,110,99,176,99,44,0,0,0,0,0,0,0,0,0,0,0
Building 4,Gas,KWh,Meter 1,22/01/2014,0,0,0,88,143,88,88,55,99,66,77,88,66,77,99,121,99,99,143,99,77,77,99,88,99,99,99,55,99,44,0,0,0,0,0,0,0,0,0,0,0,0,0,0,0,0,0,0
Building 4,Gas,KWh,Meter 1,23/01/2014,0,88,143,88,33,77,44,66,66,44,99,99,99,110,99,77,77,154,99,88,77,88,88,99,99,99,88,110,110,88,55,99,99,99,176,44,88,55,55,33,0,0,0,0,0,0,0,0
Building 4,Gas,KWh,Meter 1,24/01/2014,0,88,121,77,44,66,77,33,77,44,66,66,44,88,77,55,77,132,88,88,99,99,66,77,88,99,88,99,99,143,33,33,77,33,66,55,44,77,44,55,0,0,0,0,0,0,0,0
Building 4,Gas,KWh,Meter 1,25/01/2014,0,77,121,77,33,77,55,44,77,44,66,66,44,66,44,66,66,121,55,121,66,88,99,99,77,66,88,99,55,165,33,66,55,55,66,33,77,44,55,33,0,0,0,0,0,0,0,0
Building 4,Gas,KWh,Meter 1,26/01/2014,0,88,121,88,33,66,55,55,77,44,66,55,66,55,55,77,44,66,55,66,77,44,66,44,242,99,88,66,88,165,33,66,44,66,66,44,88,33,66,44,0,0,0,0,0,0,0,0
Building 4,Gas,KWh,Meter 1,27/01/2014,0,88,121,88,44,77,55,55,88,33,77,66,44,88,99,88,110,297,88,121,132,121,110,110,110,132,132,110,121,99,88,99,77,88,176,66,77,66,44,44,0,0,0,0,0,0,0,0
Building 4,Gas,KWh,Meter 1,28/01/2014,0,0,0,0,0,99,132,77,44,77,66,55,77,44,99,99,88,286,99,121,132,132,110,121,110,99,99,121,110,88,99,110,99,77,165,66,66,0,0,0,0,0,0,0,0,0,0,0
Building 4,Gas,KWh,Meter 1,29/01/2014,0,0,0,88,143,99,88,55,88,77,66,99,55,88,88,121,77,154,110,99,110,99,110,99,99,66,88,99,99,88,44,88,99,55,77,99,66,77,44,0,0,0,0,0,0,0,0,0
Building 4,Gas,KWh,Meter 1,30/01/2014,0,88,132,88,33,88,33,77,66,55,66,44,77,55,99,88,110,154,110,132,143,110,110,99,99,99,110,88,99,55,88,55,88,66,165,44,66,66,44,44,0,0,0,0,0,0,0,0
Building 4,Gas,KWh,Meter 1,31/01/2014,0,88,132,77,44,77,44,88,44,77,44,77,66,55,88,99,99,253,99,110,110,121,143,121,110,110,121,143,110,198,44,99,99,88,66,88,99,99,55,88,0,0,0,0,0,0,0,0
Building 4,Gas,KWh,Meter 1,01/02/2014,0,99,165,110,88,66,88,99,99,88,66,99,99,99,44,66,66,187,99,99,99,88,99,99,99,99,110,55,88,198,33,55,77,44,66,66,55,77,44,55,0,0,0,0,0,0,0,0
Building 4,Gas,KWh,Meter 1,02/02/2014,0,88,121,77,55,66,88,33,77,55,77,55,66,66,44,88,44,66,66,55,77,44,77,44,253,110,99,110,99,165,99,44,88,55,66,66,44,77,44,55,0,0,0,0,0,0,0,0
Building 4,Gas,KWh,Meter 1,03/02/2014,0,88,110,88,55,66,77,44,77,44,77,55,66,55,99,88,99,286,132,121,110,110,132,110,121,110,110,110,99,99,99,99,77,88,176,77,66,88,55,77,0,0,0,0,0,0,0,0
Building 4,Gas,KWh,Meter 1,04/02/2014,0,0,0,0,0,99,121,99,99,55,88,88,77,66,99,132,99,154,121,143,110,121,110,99,110,121,132,110,110,99,66,88,99,99,187,88,55,0,0,0,0,0,0,0,0,0,0,0
Building 4,Gas,KWh,Meter 1,05/02/2014,0,0,0,88,132,110,88,66,88,99,77,66,99,99,77,110,110,121,165,110,110,110,121,121,99,99,99,121,143,11,0,0,0,0,0,0,0,0,0,0,0,0,0,0,0,0,0,0
Building 4,Gas,KWh,Meter 1,06/02/2014,0,99,154,110,99,99,99,66,88,99,99,110,77,77,88,132,110,121,143,110,110,121,143,121,99,110,99,110,99,88,55,77,99,66,154,44,66,77,33,44,0,0,0,0,0,0,0,0
Building 4,Gas,KWh,Meter 1,07/02/2014,0,99,110,99,33,77,66,55,66,44,77,44,77,66,66,88,88,143,99,99,110,77,66,88,99,99,99,99,55,165,33,66,44,66,77,33,77,44,66,44,0,0,0,0,0,0,0,0
Building 4,Gas,KWh,Meter 1,08/02/2014,0,99,110,88,33,77,55,66,77,44,77,44,77,44,77,77,242,154,176,165,176,143,187,154,99,99,110,88,77,187,66,66,88,66,66,77,33,77,55,66,0,0,0,0,0,0,0,0
Building 4,Gas,KWh,Meter 1,09/02/2014,0,99,110,88,44,66,77,44,77,77,44,77,66,55,77,55,66,77,44,77,66,55,66,286,143,132,165,132,121,165,110,154,132,121,44,77,55,55,77,33,0,0,0,0,0,0,0,0
Building 4,Gas,KWh,Meter 1,10/02/2014,0,99,110,99,33,77,55,77,66,55,88,44,88,44,99,198,209,187,143,165,154,143,198,110,110,132,143,99,99,66,66,99,77,66,154,55,66,77,44,44,0,0,0,0,0,0,0,0
Building 4,Gas,KWh,Meter 1,11/02/2014,0,0,0,0,0,88,132,88,44,88,66,55,88,33,110,132,99,99,132,110,99,99,110,99,110,110,99,99,110,77,77,99,99,77,66,99,99,88,0,0,0,0,0,0,0,0,0,0
Building 4,Gas,KWh,Meter 1,12/02/2014,0,0,0,88,143,66,77,88,77,66,88,77,55,88,99,99,110,99,132,132,99,99,110,99,99,132,121,99,99,99,99,66,88,55,0,0,0,0,0,0,0,0,0,0,0,0,0,0
Building 4,Gas,KWh,Meter 1,13/02/2014,0,88,154,66,77,99,88,44,88,88,77,66,88,88,121,110,143,110,99,99,110,132,121,99,99,99,121,121,99,99,66,77,99,99,99,99,99,88,66,77,44,0,0,0,0,0,0,0
Building 4,Gas,KWh,Meter 1,14/02/2014,0,99,176,99,88,99,55,77,99,99,88,66,77,99,110,121,110,99,99,99,99,121,121,110,88,110,99,121,110,77,88,99,99,99,77,77,99,99,99,44,0,0,0,0,0,0,0,0
Building 4,Gas,KWh,Meter 1,15/02/2014,0,99,187,99,110,99,99,99,88,66,99,99,110,99,88,66,88,110,154,110,99,99,99,110,99,121,121,66,88,99,99,99,88,66,88,99,88,99,77,77,0,0,0,0,0,0,0,0
Building 4,Gas,KWh,Meter 1,16/02/2014,0,88,176,88,99,99,99,99,99,77,77,88,99,88,99,99,99,66,77,99,88,99,99,66,77,88,88,88,55,88,66,66,99,88,44,88,99,55,77,55,0,0,0,0,0,0,0,0
Building 4,Gas,KWh,Meter 1,17/02/2014,0,88,176,88,99,88,55,88,88,88,55,88,99,77,77,110,88,99,88,88,110,110,99,110,99,99,99,99,88,99,55,88,99,88,88,66,88,99,88,55,0,0,0,0,0,0,0,0
Building 4,Gas,KWh,Meter 1,18/02/2014,0,0,0,0,0,99,165,99,99,99,99,88,66,88,110,110,99,88,88,88,99,88,99,88,55,88,88,99,66,66,66,55,77,88,44,88,55,77,22,0,0,0,0,0,0,0,0,0
Building 4,Gas,KWh,Meter 1,19/02/2014,0,0,0,88,176,88,88,77,66,88,88,55,77,88,77,121,77,77,77,88,88,88,88,88,55,88,88,88,55,66,77,44,88,0,0,0,0,0,0,0,0,0,0,0,0,0,0,0
Building 4,Gas,KWh,Meter 1,20/02/2014,0,99,176,88,99,55,77,88,55,77,88,55,88,88,88,66,88,88,99,77,66,88,99,88,99,55,88,88,99,66,44,99,88,44,88,88,55,88,88,44,0,0,0,0,0,0,0,0
Building 4,Gas,KWh,Meter 1,21/02/2014,0,99,154,88,88,55,88,88,55,77,88,55,77,88,88,88,66,88,88,88,88,55,88,88,77,55,88,77,88,55,66,66,77,55,77,77,55,88,55,66,0,0,0,0,0,0,0,0
Building 4,Gas,KWh,Meter 1,22/02/2014,0,99,143,99,88,44,88,88,77,55,88,88,55,77,88,44,88,88,99,55,77,88,77,55,88,77,77,44,77,88,33,88,44,77,88,44,77,66,66,33,0,0,0,0,0,0,0,0
Building 4,Gas,KWh,Meter 1,23/02/2014,0,99,154,88,88,55,77,88,55,77,88,66,66,88,55,88,77,55,88,44,88,88,44,88,44,88,88,55,66,88,44,88,66,66,77,55,77,66,66,44,0,0,0,0,0,0,0,0
Building 4,Gas,KWh,Meter 1,24/02/2014,0,99,154,88,77,55,88,77,55,88,55,77,99,44,88,99,88,88,77,66,88,88,88,55,88,88,55,77,88,33,77,44,88,77,44,88,44,88,55,77,0,0,0,0,0,0,0,0
Building 4,Gas,KWh,Meter 1,25/02/2014,0,0,0,0,0,99,165,99,77,55,88,88,55,88,99,88,88,88,55,88,88,55,77,99,88,55,77,88,55,77,44,77,77,55,88,44,44,0,0,0,0,0,0,0,0,0,0,0
Building 4,Gas,KWh,Meter 1,26/02/2014,0,0,0,99,176,88,88,77,66,88,88,44,88,88,88,88,66,88,99,77,55,88,88,66,66,88,77,55,88,44,0,0,0,0,0,0,0,0,0,0,0,0,0,0,0,0,0,0
Building 4,Gas,KWh,Meter 1,27/02/2014,0,99,187,88,88,55,88,88,66,66,88,66,66,88,99,77,66,99,88,55,77,99,66,66,99,88,55,88,77,44,66,88,33,77,66,66,77,44,88,44,0,0,0,0,0,0,0,0
Building 4,Gas,KWh,Meter 1,28/02/2014,0,99,143,99,88,55,77,88,55,77,88,66,66,88,88,77,77,88,99,88,55,88,88,99,66,66,88,99,44,88,44,77,88,44,77,88,44,88,55,77,0,0,0,0,0,0,0,0
Building 4,Gas,KWh,Meter 1,01/03/2014,0,99,143,99,88,55,77,88,88,55,77,77,88,55,77,88,88,55,88,77,88,88,88,55,77,99,66,55,77,88,33,88,55,77,88,44,77,55,77,44,0,0,0,0,0,0,0,0
Building 4,Gas,KWh,Meter 1,02/03/2014,0,99,154,99,77,55,88,88,44,88,88,44,88,88,44,88,88,44,88,77,55,88,66,66,88,66,77,99,88,99,66,77,99,88,88,66,88,99,88,55,0,0,0,0,0,0,0,0
Building 4,Gas,KWh,Meter 1,03/03/2014,0,99,154,99,88,99,99,99,66,77,99,99,88,88,121,88,99,88,77,88,88,99,55,88,88,99,55,77,99,44,55,99,44,88,88,33,99,66,55,55,0,0,0,0,0,0,0,0
Building 4,Gas,KWh,Meter 1,04/03/2014,0,0,0,0,0,99,165,99,88,88,55,77,88,88,99,77,66,99,88,99,99,88,99,66,77,99,88,99,55,77,88,88,44,88,88,55,77,0,0,0,0,0,0,0,0,0,0,0
Building 4,Gas,KWh,Meter 1,05/03/2014,0,0,0,99,165,99,88,88,77,66,88,88,99,88,88,99,88,88,99,88,77,88,88,88,99,55,77,88,88,0,0,0,0,0,0,0,0,0,0,0,0,0,0,0,0,0,0,0
Building 4,Gas,KWh,Meter 1,06/03/2014,0,110,165,99,55,77,88,77,0,0,0,0,0,0,0,0,0,44,198,121,88,77,99,77,88,99,88,88,99,77,44,99,88,55,77,88,55,77,88,44,0,0,0,0,0,0,0,0
